"","Site","Detail","Depth","EstSalt","Estuary","Info","rich","shannon","sampleID","Salinity_ppt_all","Conductivity_uS_cm","CH4_pw_air_ppmv","CH4_ug_m2_h","N2O_ug_m2_h","CO2_ug_m2_h","NEE_mgC_m2_m","GEP_mgC_m2_m","PAR_uE_m2_s","CH4_pot_umol_gdw_h","CO2_pot_umol_gdw_h","Cl_mgL","SO4_mgL","NH4_mgL","NO3_mgL","pH","PO4_mgL","Fe_mgL","Acetate_mgL","TotalVFA_uM","SR_umol_cm3_d","AMG_umol_cm3_d","TOC_mgL","TN_mgL","Br_mgL","DIN_mgL","DON_mgL","DOC_mgL","DIC_mgL","Na_mgL","K_mgL","Ca_mgL","Mn_mgL","Mg_mgL","Cu_mgL","Zn_mgL","sed_pH","sed_NH4_mgL","sed_NO3_mgL","sed_PO4_mgL","sed_Cl_mgL","sed_SO4_mgL","sed_per_C","sed_per_N","sed_CN","sed_per_org","sed_per_inorg","sed_Bulk_dens","sed_Fe_mgL","sed_Mn_mgL","sed_Cu_mgL","sed_Zn_mgL","N2_umol_m2_h","SOD_umol_m2_h","NO3_umol_m2_h","NH4_umol_m2_h","SRP_umol_m2_h","DON_umol_m2_h","Porosity","Salt","Field","Exp","Estuary2","ExpEstSalt","Estuary3","Est3Salt","MG_MT"
"Ran_d1_Rcc_e40_1","Soil mesocosm","TFM1@TFM2-40cm","0-5","Delaware_Freshwater","Delaware","TFM1@TFM2-40cm",4600,6.78351726389174,"Ran_d1_Rcc_e40_1",0.0963426236670281,NA,NA,48520.4562011347,-22.6277747472216,NA,NA,NA,NA,NA,NA,96.3426236670281,7.84523270451762,0.741257377617859,NA,NA,1.00212084622248,23.4763837517824,2.18019813827224,99.9436248215203,3.84397309382621e-06,0.00397025684152392,NA,NA,NA,NA,NA,NA,NA,NA,NA,NA,NA,NA,NA,NA,NA,NA,NA,NA,NA,NA,NA,NA,NA,NA,NA,NA,NA,NA,NA,NA,NA,NA,NA,NA,NA,NA,0.607,"Freshwater","Lab","Field","Delaware",NA,"DE Field","DE Field_Freshwater",0.0708154506437768
"Ran_d1_Rcc_e40_2","Soil mesocosm","TFM1@TFM2-40cm","0-5","Delaware_Freshwater","Delaware","TFM1@TFM2-40cm",5142,7.07418017890034,"Ran_d1_Rcc_e40_2",0.130817688607455,NA,NA,11587.4802508935,-49.269210739488,NA,NA,NA,NA,NA,NA,130.817688607455,93.1948433960699,0.736441190152934,NA,NA,1.62010073034466,0.723878403207933,0,0,3.17819866178269e-05,0,NA,NA,NA,NA,NA,NA,NA,NA,NA,NA,NA,NA,NA,NA,NA,NA,NA,NA,NA,NA,NA,NA,NA,NA,NA,NA,NA,NA,NA,NA,NA,NA,NA,NA,NA,NA,0.704675,"Freshwater","Lab","Field","Delaware",NA,"DE Field","DE Field_Freshwater",0.0657954033348355
"Ran_d1_Sal_e40_1","Soil mesocosm","TFM1@OligoHal-40cm","0-5","Delaware_Oligohaline","Delaware","TFM1@OligoHal-40cm",4346,6.71530657862382,"Ran_d1_Sal_e40_1",1.46115279471001,NA,NA,41313.5041733908,-1.96354100947397e-13,NA,NA,NA,NA,NA,NA,1461.15279471001,15.4178101329716,4.5191200661139,NA,NA,17.6493647996089,36.4156647163867,5.39273126728866,508.177583546897,0.0984084781075353,0.0104249065108359,NA,NA,NA,NA,NA,NA,NA,NA,NA,NA,NA,NA,NA,NA,NA,NA,NA,NA,NA,NA,NA,NA,NA,NA,NA,NA,NA,NA,NA,NA,NA,NA,NA,NA,NA,NA,0.627075,"Oligohaline","Lab","Field","Delaware",NA,"DE Field","DE Field_Oligohaline",0.0636168691922802
"Ran_d1_Sal_e40_2","Soil mesocosm","TFM1@OligoHal-40cm","0-5","Delaware_Oligohaline","Delaware","TFM1@OligoHal-40cm",4340,6.39630435809559,"Ran_d1_Sal_e40_2",1.47714210500872,NA,NA,20050.086382837,160.918565029385,NA,NA,NA,NA,NA,NA,1477.14210500872,4.94901377798728,7.25332662376972,NA,NA,150.472853024912,55.2635949358081,30.9392219387501,1814.92884737162,0.0374002369662245,0,NA,NA,NA,NA,NA,NA,NA,NA,NA,NA,NA,NA,NA,NA,NA,NA,NA,NA,NA,NA,NA,NA,NA,NA,NA,NA,NA,NA,NA,NA,NA,NA,NA,NA,NA,NA,0.70325,"Oligohaline","Lab","Field","Delaware",NA,"DE Field","DE Field_Oligohaline",0.0427606901725431
"Ran_d2_Rcc_e40_1","Soil mesocosm","TFM1@TFM2-40cm","5-15","Delaware_Freshwater","Delaware","TFM1@TFM2-40cm",4692,6.97434533700862,"Ran_d2_Rcc_e40_1",0.183330738913517,NA,NA,48520.4562011347,-22.6277747472216,NA,NA,NA,NA,NA,NA,183.330738913517,2.72071197882285,1.00864035328767,NA,NA,0.710657011678166,132.286350274514,28.74951044925,1462.22222703472,0.00699046649891637,0,NA,NA,NA,NA,NA,NA,NA,NA,NA,NA,NA,NA,NA,NA,NA,NA,NA,NA,NA,NA,NA,NA,NA,NA,NA,NA,NA,NA,NA,NA,NA,NA,NA,NA,NA,NA,0.66075,"Freshwater","Lab","Field","Delaware",NA,"DE Field","DE Field_Freshwater",0.262331838565022
"Ran_d2_Rcc_e40_2","Soil mesocosm","TFM1@TFM2-40cm","5-15","Delaware_Freshwater","Delaware","TFM1@TFM2-40cm",4748,7.18122980849105,"Ran_d2_Rcc_e40_2",0.132489023560019,NA,NA,11587.4802508935,-49.269210739488,NA,NA,NA,NA,NA,NA,132.489023560019,26.9423543102795,0.204063387019777,NA,NA,1.62010073034466,18.1286575787617,4.53098804678725,160.779054355372,0.00028090665737573,0.000469191468746077,NA,NA,NA,NA,NA,NA,NA,NA,NA,NA,NA,NA,NA,NA,NA,NA,NA,NA,NA,NA,NA,NA,NA,NA,NA,NA,NA,NA,NA,NA,NA,NA,NA,NA,NA,NA,0.773775,"Freshwater","Lab","Field","Delaware",NA,"DE Field","DE Field_Freshwater",0.0352422907488987
"Ran_d2_Sal_e40_1","Soil mesocosm","TFM1@OligoHal-40cm","5-15","Delaware_Oligohaline","Delaware","TFM1@OligoHal-40cm",4554,7.01115262902407,"Ran_d2_Sal_e40_1",1.04534281606488,NA,NA,41313.5041733908,-1.96354100947397e-13,NA,NA,NA,NA,NA,NA,1045.34281606488,21.9003205326794,0.974139324168985,NA,NA,472.998677240947,263.101035646126,380.019427920398,46460.1308865061,0.0524336860518964,0.922117018398395,NA,NA,NA,NA,NA,NA,NA,NA,NA,NA,NA,NA,NA,NA,NA,NA,NA,NA,NA,NA,NA,NA,NA,NA,NA,NA,NA,NA,NA,NA,NA,NA,NA,NA,NA,NA,0.756,"Oligohaline","Lab","Field","Delaware",NA,"DE Field","DE Field_Oligohaline",0.576923076923077
"Ran_d2_Sal_e40_2","Soil mesocosm","TFM1@OligoHal-40cm","5-15","Delaware_Oligohaline","Delaware","TFM1@OligoHal-40cm",4309,6.75196814817552,"Ran_d2_Sal_e40_2",1.54155794740843,NA,NA,20050.086382837,160.918565029385,NA,NA,NA,NA,NA,NA,1541.55794740843,6.0113485590232,4.56224635251226,NA,NA,3.24312342860192,68.2811491467026,85.4460852808711,4443.92302491009,0.0195561848598844,0,NA,NA,NA,NA,NA,NA,NA,NA,NA,NA,NA,NA,NA,NA,NA,NA,NA,NA,NA,NA,NA,NA,NA,NA,NA,NA,NA,NA,NA,NA,NA,NA,NA,NA,NA,NA,0.732975,"Oligohaline","Lab","Field","Delaware",NA,"DE Field","DE Field_Oligohaline",0.12981298129813
"TS_FW_d1_12_1","Soil incubation","Freshwater 12wk","0-5","Delaware_Freshwater","Delaware","Freshwater 12wk",4753,7.11229242424512,"TS_FW_d1_12_1",NA,NA,NA,NA,NA,NA,NA,NA,NA,NA,NA,NA,NA,NA,NA,NA,NA,NA,NA,NA,NA,NA,NA,NA,NA,NA,NA,NA,NA,NA,NA,NA,NA,NA,NA,NA,NA,NA,NA,NA,NA,NA,NA,NA,NA,NA,NA,NA,NA,NA,NA,NA,NA,NA,NA,NA,NA,NA,NA,"Freshwater","Lab","Lab","Delaware",NA,"DE Lab","DE Lab_Freshwater",0.157187176835574
"TS_FW_d1_12_2","Soil incubation","Freshwater 12wk","0-5","Delaware_Freshwater","Delaware","Freshwater 12wk",1519,4.97624590666258,"TS_FW_d1_12_2",NA,NA,NA,NA,NA,NA,NA,NA,NA,NA,NA,NA,NA,NA,NA,NA,NA,NA,NA,NA,NA,NA,NA,NA,NA,NA,NA,NA,NA,NA,NA,NA,NA,NA,NA,NA,NA,NA,NA,NA,NA,NA,NA,NA,NA,NA,NA,NA,NA,NA,NA,NA,NA,NA,NA,NA,NA,NA,NA,"Freshwater","Lab","Lab","Delaware",NA,"DE Lab","DE Lab_Freshwater",0.290322580645161
"TS_FW_d2_12_1","Soil incubation","Freshwater 12wk","5-15","Delaware_Freshwater","Delaware","Freshwater 12wk",4143,6.43962874346346,"TS_FW_d2_12_1",NA,NA,NA,NA,NA,NA,NA,NA,NA,NA,NA,NA,NA,NA,NA,NA,NA,NA,NA,NA,NA,NA,NA,NA,NA,NA,NA,NA,NA,NA,NA,NA,NA,NA,NA,NA,NA,NA,NA,NA,NA,NA,NA,NA,NA,NA,NA,NA,NA,NA,NA,NA,NA,NA,NA,NA,NA,NA,NA,"Freshwater","Lab","Lab","Delaware",NA,"DE Lab","DE Lab_Freshwater",12.3825503355705
"TS_FW_d2_12_2","Soil incubation","Freshwater 12wk","5-15","Delaware_Freshwater","Delaware","Freshwater 12wk",1912,5.30099356511373,"TS_FW_d2_12_2",NA,NA,NA,NA,NA,NA,NA,NA,NA,NA,NA,NA,NA,NA,NA,NA,NA,NA,NA,NA,NA,NA,NA,NA,NA,NA,NA,NA,NA,NA,NA,NA,NA,NA,NA,NA,NA,NA,NA,NA,NA,NA,NA,NA,NA,NA,NA,NA,NA,NA,NA,NA,NA,NA,NA,NA,NA,NA,NA,"Freshwater","Lab","Lab","Delaware",NA,"DE Lab","DE Lab_Freshwater",0.5
"TS_SW_d1_12_1","Soil incubation","5 ppt ASW 12wk","0-5","Delaware_Oligohaline","Delaware","5 ppt ASW 12wk",3620,6.51652812382591,"TS_SW_d1_12_1",NA,NA,NA,NA,NA,NA,NA,NA,NA,NA,NA,NA,NA,NA,NA,NA,NA,NA,NA,NA,NA,NA,NA,NA,NA,NA,NA,NA,NA,NA,NA,NA,NA,NA,NA,NA,NA,NA,NA,NA,NA,NA,NA,NA,NA,NA,NA,NA,NA,NA,NA,NA,NA,NA,NA,NA,NA,NA,NA,"Oligohaline","Lab","Lab","Delaware",NA,"DE Lab","DE Lab_Oligohaline",0.066925315227934
"TS_SW_d1_12_2","Soil incubation","5 ppt ASW 12wk","0-5","Delaware_Oligohaline","Delaware","5 ppt ASW 12wk",4732,7.12824218331235,"TS_SW_d1_12_2",NA,NA,NA,NA,NA,NA,NA,NA,NA,NA,NA,NA,NA,NA,NA,NA,NA,NA,NA,NA,NA,NA,NA,NA,NA,NA,NA,NA,NA,NA,NA,NA,NA,NA,NA,NA,NA,NA,NA,NA,NA,NA,NA,NA,NA,NA,NA,NA,NA,NA,NA,NA,NA,NA,NA,NA,NA,NA,NA,"Oligohaline","Lab","Lab","Delaware",NA,"DE Lab","DE Lab_Oligohaline",0.110967741935484
"TS_SW_d2_12_1","Soil incubation","5 ppt ASW 12wk","5-15","Delaware_Oligohaline","Delaware","5 ppt ASW 12wk",4641,7.02742641690118,"TS_SW_d2_12_1",NA,NA,NA,NA,NA,NA,NA,NA,NA,NA,NA,NA,NA,NA,NA,NA,NA,NA,NA,NA,NA,NA,NA,NA,NA,NA,NA,NA,NA,NA,NA,NA,NA,NA,NA,NA,NA,NA,NA,NA,NA,NA,NA,NA,NA,NA,NA,NA,NA,NA,NA,NA,NA,NA,NA,NA,NA,NA,NA,"Oligohaline","Lab","Lab","Delaware",NA,"DE Lab","DE Lab_Oligohaline",0.898520084566596
"TS_SW_d2_12_2","Soil incubation","5 ppt ASW 12wk","5-15","Delaware_Oligohaline","Delaware","5 ppt ASW 12wk",4173,6.35317343519045,"TS_SW_d2_12_2",NA,NA,NA,NA,NA,NA,NA,NA,NA,NA,NA,NA,NA,NA,NA,NA,NA,NA,NA,NA,NA,NA,NA,NA,NA,NA,NA,NA,NA,NA,NA,NA,NA,NA,NA,NA,NA,NA,NA,NA,NA,NA,NA,NA,NA,NA,NA,NA,NA,NA,NA,NA,NA,NA,NA,NA,NA,NA,NA,"Oligohaline","Lab","Lab","Delaware",NA,"DE Lab","DE Lab_Oligohaline",0.954918032786885
"Alt_d1_Ctrl_10T","Soil Field plots","Control","0-5","Waccamaw_Freshwater","Waccamaw","Control",6064,7.56639990946669,"Alt_d1_Ctrl_10T",NA,NA,NA,7191.57298616313,NA,161865.575970394,3.60096516571906,6.32952995195882,1380.72727272727,0.225081035,0.791453265,NA,NA,NA,NA,NA,NA,NA,NA,NA,NA,NA,NA,NA,NA,NA,NA,NA,NA,NA,NA,NA,NA,NA,NA,NA,NA,NA,NA,NA,NA,NA,34.4299400699986,2.56020563847631,13.4481718456205,70.8232277094543,29.1767722905457,NA,NA,NA,NA,NA,93.5156310420468,719.5136011568,5.40876593099161,10.4978018562103,-1.01075937308853,-66.5304853679115,NA,"Freshwater","Field","Field","Waccamaw",NA,"Waccamaw","Waccamaw_Freshwater",0.133644859813084
"Alt_d1_Ctrl_15T","Soil Field plots","Control","0-5","Waccamaw_Freshwater","Waccamaw","Control",5653,7.38543576782005,"Alt_d1_Ctrl_15T",NA,NA,NA,7671.57859161967,NA,174289.806230604,3.08282204975337,6.10714582196474,1259.8,0.210845877,2.488109042,NA,NA,NA,NA,NA,NA,NA,NA,NA,NA,NA,NA,NA,NA,NA,NA,NA,NA,NA,NA,NA,NA,NA,NA,NA,NA,NA,NA,NA,NA,NA,38.257010780856,2.79676703361853,13.679012345679,77.3272699649475,22.6727300350525,NA,NA,NA,NA,NA,88.7972960205288,691.529172158297,11.670145210711,4.10320174075225,-0.469281137505389,-49.0785558861406,NA,"Freshwater","Field","Field","Waccamaw",NA,"Waccamaw","Waccamaw_Freshwater",0.050656660412758
"Alt_d1_Ctrl_3T","Soil Field plots","Control","0-5","Waccamaw_Freshwater","Waccamaw","Control",6480,7.57485615662309,"Alt_d1_Ctrl_3T",NA,NA,NA,5181.31868013336,NA,95521.9557721805,4.45730602816074,6.15921298063169,998.075,0.006627075,0.711318681,NA,NA,NA,NA,NA,NA,NA,NA,NA,NA,NA,NA,NA,NA,NA,NA,NA,NA,NA,NA,NA,NA,NA,NA,NA,NA,NA,NA,NA,NA,NA,33.1147317391324,2.25048996823822,14.7144542772861,70.2471927678351,29.7528072321649,NA,NA,NA,NA,NA,50.5682077732595,477.384474848792,12.6026910608819,0.346374172920644,-0.210574869393444,-0.959190017318679,NA,"Freshwater","Field","Field","Waccamaw",NA,"Waccamaw","Waccamaw_Freshwater",0.496360989810772
"Alt_d1_Ctrl_5T","Soil Field plots","Control","0-5","Waccamaw_Freshwater","Waccamaw","Control",6623,7.66338338523137,"Alt_d1_Ctrl_5T",NA,NA,NA,2759.92454329085,NA,112040.791330498,3.20388311197979,5.07277461135278,871.571428571429,0.210871976,0.865150459,NA,NA,NA,NA,NA,NA,NA,NA,NA,NA,NA,NA,NA,NA,NA,NA,NA,NA,NA,NA,NA,NA,NA,NA,NA,NA,NA,NA,NA,NA,NA,33.5531621971499,2.46238382736807,13.6262924667651,72.5058288472573,27.4941711527427,NA,NA,NA,NA,NA,101.736941035533,674.526654804698,4.47622008082064,-1.10573293663129,-0.270739117791571,-16.6925707180603,NA,"Freshwater","Field","Field","Waccamaw",NA,"Waccamaw","Waccamaw_Freshwater",0.106617647058824
"Alt_d1_Ctrl_9T","Soil Field plots","Control","0-5","Waccamaw_Freshwater","Waccamaw","Control",6089,7.52409210731,"Alt_d1_Ctrl_9T",NA,NA,NA,11870.792243265,NA,191351.26539456,5.94089256552426,9.03142565129727,1372.25,0.015826525,0.602427973,NA,NA,NA,NA,NA,NA,NA,NA,NA,NA,NA,NA,NA,NA,NA,NA,NA,NA,NA,NA,NA,NA,NA,NA,NA,NA,NA,NA,NA,NA,NA,29.4213957250475,2.09567985717109,14.0390697674419,65.006421038644,34.993578961356,NA,NA,NA,NA,NA,81.3568577608072,580.496252209459,2.74434921621742,-3.47706381278032,-0.0601642483981271,14.0547981704339,NA,"Freshwater","Field","Field","Waccamaw",NA,"Waccamaw","Waccamaw_Freshwater",0.0824074074074074
"Alt_d1_FW_11T","Soil Field plots","Freshwater amended","0-5","Waccamaw_Freshwater","Waccamaw","Freshwater amended",5453,7.3167391208022,"Alt_d1_FW_11T",NA,NA,NA,11166.325073161,NA,245631.713982621,8.08071921417977,12.2758536481153,1318.10526315789,0.204888173,0.875898083,NA,NA,NA,NA,NA,NA,NA,NA,NA,NA,NA,NA,NA,NA,NA,NA,NA,NA,NA,NA,NA,NA,NA,NA,NA,NA,NA,NA,NA,NA,NA,34.8006398343863,2.58490164748357,13.4630421502749,69.1772167937298,30.8227832062702,NA,NA,NA,NA,NA,74.2353404770836,491.173238784439,2.11821128824548,-4.10320174075225,-1.11303859536535,-11.3370931213642,NA,"Freshwater","Lab","Field","Waccamaw",NA,"Waccamaw","Waccamaw_Freshwater",0.141025641025641
"Alt_d1_FW_14T","Soil Field plots","Freshwater amended","0-5","Waccamaw_Freshwater","Waccamaw","Freshwater amended",4773,7.19082459889227,"Alt_d1_FW_14T",NA,NA,NA,8340.84034858992,NA,164685.680812918,7.99214405011036,10.7487601494711,1317.15384615385,0.822272258,4.390714957,NA,NA,NA,NA,NA,NA,NA,NA,NA,NA,NA,NA,NA,NA,NA,NA,NA,NA,NA,NA,NA,NA,NA,NA,NA,NA,NA,NA,NA,NA,NA,33.3092484576969,2.46782965184622,13.497385620915,70.3414524308606,29.6585475691394,NA,NA,NA,NA,NA,35.187363339665,351.951736135987,2.37133087614903,-0.0799325014432268,-0.15642704583513,-67.5696078866734,NA,"Freshwater","Lab","Field","Waccamaw",NA,"Waccamaw","Waccamaw_Freshwater",0.165137614678899
"Alt_d1_FW_1T","Soil Field plots","Freshwater amended","0-5","Waccamaw_Freshwater","Waccamaw","Freshwater amended",5356,7.32333039876329,"Alt_d1_FW_1T",NA,NA,NA,3451.87119489991,NA,136440.776279682,5.21492559376412,7.48032597930729,1107.37916666667,0.213693016,0.90610956,NA,NA,NA,NA,NA,NA,NA,NA,NA,NA,NA,NA,NA,NA,NA,NA,NA,NA,NA,NA,NA,NA,NA,NA,NA,NA,NA,NA,NA,NA,NA,34.2426348502092,2.24321580914366,15.2649757150567,75.8835482582104,24.1164517417896,NA,NA,NA,NA,NA,28.7888943458033,290.600480071747,1.54536169456903,1.42546294240419,-0.312854091670259,14.347884009059,NA,"Freshwater","Lab","Field","Waccamaw",NA,"Waccamaw","Waccamaw_Freshwater",0.106086956521739
"Alt_d1_FW_4T","Soil Field plots","Freshwater amended","0-5","Waccamaw_Freshwater","Waccamaw","Freshwater amended",5314,7.44869979475282,"Alt_d1_FW_4T",NA,NA,NA,14428.3420054145,NA,153676.930590297,7.03730378177734,9.7683838410735,1071.68421052632,0.366931267,2.101440647,NA,NA,NA,NA,NA,NA,NA,NA,NA,NA,NA,NA,NA,NA,NA,NA,NA,NA,NA,NA,NA,NA,NA,NA,NA,NA,NA,NA,NA,NA,NA,35.1863729572223,2.55987486195848,13.7453488372093,74.7224335999445,25.2775664000555,NA,NA,NA,NA,NA,83.1827799170587,462.489760650768,4.74266175229806,-2.19814378968871,0.62570818334052,22.7674408277455,NA,"Freshwater","Lab","Field","Waccamaw",NA,"Waccamaw","Waccamaw_Freshwater",0.0494958753437214
"Alt_d1_FW_7T","Soil Field plots","Freshwater amended","0-5","Waccamaw_Freshwater","Waccamaw","Freshwater amended",4804,7.11736576241845,"Alt_d1_FW_7T",NA,NA,NA,3049.90643251844,NA,181301.996894178,5.16414039155167,8.36407853559362,1358.45,0.788356389,5.094389399,NA,NA,NA,NA,NA,NA,NA,NA,NA,NA,NA,NA,NA,NA,NA,NA,NA,NA,NA,NA,NA,NA,NA,NA,NA,NA,NA,NA,NA,NA,NA,32.8841017015857,2.37840064924516,13.826140567201,72.2993032994638,27.7006967005362,NA,NA,NA,NA,NA,92.1972179491513,396.49015143051,5.80842843820774,0.706070429415159,0.379034764908199,34.7839602113771,NA,"Freshwater","Lab","Field","Waccamaw",NA,"Waccamaw","Waccamaw_Freshwater",0.276381909547739
"Alt_d1_SAL_12T","Soil Field plots","Saltwater amended","0-5","Waccamaw_Oligohaline","Waccamaw","Saltwater amended",4128,6.75005751138022,"Alt_d1_SAL_12T",NA,NA,NA,4460.7736227523,NA,111515.321709684,3.80521696319074,5.74776073184546,1250.11764705882,0.000279796,0.391711292,NA,NA,NA,NA,NA,NA,NA,NA,NA,NA,NA,NA,NA,NA,NA,NA,NA,NA,NA,NA,NA,NA,NA,NA,NA,NA,NA,NA,NA,NA,NA,31.1119301323952,2.20630102104265,14.1013986013986,67.6066866760042,32.3933133239958,NA,NA,NA,NA,NA,16.9086364174687,115.737010239364,6.20809094542387,-4.0365913228829,-0.734003830457148,-67.4497091345086,NA,"Oligohaline","Lab","Field","Waccamaw",NA,"Waccamaw","Waccamaw_Oligohaline",0.350847457627119
"Alt_d1_SAL_13T","Soil Field plots","Saltwater amended","0-5","Waccamaw_Oligohaline","Waccamaw","Saltwater amended",3974,6.71509200316394,"Alt_d1_SAL_13T",NA,NA,NA,2981.67848346017,NA,74328.3945776129,3.12308938109259,4.45917688098448,1366.45,0.00013442,0.373423047,NA,NA,NA,NA,NA,NA,NA,NA,NA,NA,NA,NA,NA,NA,NA,NA,NA,NA,NA,NA,NA,NA,NA,NA,NA,NA,NA,NA,NA,NA,NA,32.8354821466792,2.23965916924304,14.6609281437126,69.7857872024618,30.2142127975382,NA,NA,NA,NA,NA,-0.885549944539783,55.4493105600795,9.80505351036902,0.27976375505129,0.102279222276816,61.8544340334829,NA,"Oligohaline","Lab","Field","Waccamaw",NA,"Waccamaw","Waccamaw_Oligohaline",0.51048951048951
"Alt_d1_SAL_2T","Soil Field plots","Saltwater amended","0-5","Waccamaw_Oligohaline","Waccamaw","Saltwater amended",4595,6.94281665344392,"Alt_d1_SAL_2T",NA,NA,NA,2606.33514843149,NA,72270.5004303903,5.16147097783283,6.38030884621877,1035.38095238095,0.001143985,0.294268473,NA,NA,NA,NA,NA,NA,NA,NA,NA,NA,NA,NA,NA,NA,NA,NA,NA,NA,NA,NA,NA,NA,NA,NA,NA,NA,NA,NA,NA,NA,NA,29.6242930952609,2.02887070089575,14.6013706453455,66.1786383751661,33.8213616248339,NA,NA,NA,NA,NA,1.86605314849572,85.3654239613135,1.53203961099516,-1.82512544962032,-0.505379686544266,4.28971091078652,NA,"Oligohaline","Lab","Field","Waccamaw",NA,"Waccamaw","Waccamaw_Oligohaline",0.0912981455064194
"Alt_d1_SAL_6T","Soil Field plots","Saltwater amended","0-5","Waccamaw_Oligohaline","Waccamaw","Saltwater amended",4414,6.80164531739645,"Alt_d1_SAL_6T",NA,NA,NA,1507.21805944117,NA,87232.891804609,3.64051595707531,5.06967773621543,1284.04761904762,9.8959e-05,0.452738955,NA,NA,NA,NA,NA,NA,NA,NA,NA,NA,NA,NA,NA,NA,NA,NA,NA,NA,NA,NA,NA,NA,NA,NA,NA,NA,NA,NA,NA,NA,NA,31.1600942392218,2.30959682472683,13.4915730337079,69.8684977684046,30.1315022315954,NA,NA,NA,NA,NA,10.8857849030348,38.2750839974925,13.0023535680981,5.83507260535548,3.16463946574147,-30.8273013899374,NA,"Oligohaline","Lab","Field","Waccamaw",NA,"Waccamaw","Waccamaw_Oligohaline",0.22791519434629
"Alt_d1_SAL_8T","Soil Field plots","Saltwater amended","0-5","Waccamaw_Oligohaline","Waccamaw","Saltwater amended",4829,7.07240376996549,"Alt_d1_SAL_8T",NA,NA,NA,6485.98920471472,NA,138108.042497573,8.75078491779909,11.128067824435,1400.1,0.000155204,0.3856186,NA,NA,NA,NA,NA,NA,NA,NA,NA,NA,NA,NA,NA,NA,NA,NA,NA,NA,NA,NA,NA,NA,NA,NA,NA,NA,NA,NA,NA,NA,NA,30.8187365571224,2.17045833520035,14.1991836734694,69.023995408975,30.976004591025,NA,NA,NA,NA,NA,71.5004464575304,214.719223466809,7.93996181002709,-1.87841378391581,-0.234640568752695,-68.6753408233047,NA,"Oligohaline","Lab","Field","Waccamaw",NA,"Waccamaw","Waccamaw_Oligohaline",0.301452784503632
"Alt_d2_Ctrl_10M","Soil Field plots","Control","5-15","Waccamaw_Freshwater","Waccamaw","Control",5789,7.37625079049167,"Alt_d2_Ctrl_10M",0,136.7,18.8,7191.57298616313,NA,161865.575970394,3.60096516571906,6.32952995195882,1380.72727272727,0.003188221,0.458142438,NA,NA,NA,NA,6.27,NA,NA,NA,NA,NA,NA,NA,NA,NA,NA,NA,NA,23.6597,NA,NA,NA,NA,NA,NA,NA,NA,NA,NA,NA,NA,NA,33.3642301218931,2.27924246472235,14.6382978723404,69.3323930640457,30.6676069359543,NA,NA,NA,NA,NA,93.5156310420468,719.5136011568,5.40876593099161,10.4978018562103,-1.01075937308853,-66.5304853679115,NA,"Freshwater","Field","Field","Waccamaw",NA,"Waccamaw","Waccamaw_Freshwater",0.364118092354277
"Alt_d2_Ctrl_15M","Soil Field plots","Control","5-15","Waccamaw_Freshwater","Waccamaw","Control",6198,7.51593171282907,"Alt_d2_Ctrl_15M",0,173.1,131.1,7671.57859161967,NA,174289.806230604,3.08282204975337,6.10714582196474,1259.8,0.026403104,0.499560335,NA,NA,NA,NA,6.26,NA,NA,NA,NA,NA,NA,NA,NA,NA,NA,NA,NA,32.9074,NA,NA,NA,NA,NA,NA,NA,NA,NA,NA,NA,NA,NA,28.0800054548657,2.13796091416007,13.134012539185,59.8784069651293,40.1215930348707,NA,NA,NA,NA,NA,88.7972960205288,691.529172158297,11.670145210711,4.10320174075225,-0.469281137505389,-49.0785558861406,NA,"Freshwater","Field","Field","Waccamaw",NA,"Waccamaw","Waccamaw_Freshwater",0.153313550939664
"Alt_d2_Ctrl_3M","Soil Field plots","Control","5-15","Waccamaw_Freshwater","Waccamaw","Control",6329,7.47834213416013,"Alt_d2_Ctrl_3M",0.1,324.1,23.7,5181.31868013336,NA,95521.9557721805,4.45730602816074,6.15921298063169,998.075,0.002193537,0.233305198,NA,NA,NA,NA,6.49,NA,NA,NA,NA,NA,NA,NA,NA,NA,NA,NA,NA,17.1743,NA,NA,NA,NA,NA,NA,NA,NA,NA,NA,NA,NA,NA,26.3453134799479,1.77348664009082,14.8550955414013,57.4237865790263,42.5762134209737,NA,NA,NA,NA,NA,50.5682077732595,477.384474848792,12.6026910608819,0.346374172920644,-0.210574869393444,-0.959190017318679,NA,"Freshwater","Field","Field","Waccamaw",NA,"Waccamaw","Waccamaw_Freshwater",0.424493554327808
"Alt_d2_Ctrl_5M","Soil Field plots","Control","5-15","Waccamaw_Freshwater","Waccamaw","Control",5561,7.17791544898785,"Alt_d2_Ctrl_5M",0,137.9,8.5,2759.92454329085,NA,112040.791330498,3.20388311197979,5.07277461135278,871.571428571429,0.019638191,0.709024735,NA,NA,NA,NA,6.47,NA,NA,NA,NA,NA,NA,NA,NA,NA,NA,NA,NA,21.8582,NA,NA,NA,NA,NA,NA,NA,NA,NA,NA,NA,NA,NA,33.6743738295838,2.20670863889802,15.26,72.0195348540794,27.9804651459206,NA,NA,NA,NA,NA,101.736941035533,674.526654804698,4.47622008082064,-1.10573293663129,-0.270739117791571,-16.6925707180603,NA,"Freshwater","Field","Field","Waccamaw",NA,"Waccamaw","Waccamaw_Freshwater",0.546325878594249
"Alt_d2_Ctrl_9M","Soil Field plots","Control","5-15","Waccamaw_Freshwater","Waccamaw","Control",5182,7.1271462746778,"Alt_d2_Ctrl_9M",0.3,650.1,185.6,11870.792243265,NA,191351.26539456,5.94089256552426,9.03142565129727,1372.25,0.000140223,0.205204663,NA,NA,NA,NA,6.25,NA,NA,NA,NA,NA,NA,NA,NA,NA,NA,NA,NA,29.9049,NA,NA,NA,NA,NA,NA,NA,NA,NA,NA,NA,NA,NA,31.9418370242248,2.20845978756247,14.4633998790079,63.1867491883379,36.8132508116621,NA,NA,NA,NA,NA,81.3568577608072,580.496252209459,2.74434921621742,-3.47706381278032,-0.0601642483981271,14.0547981704339,NA,"Freshwater","Field","Field","Waccamaw",NA,"Waccamaw","Waccamaw_Freshwater",1
"Alt_d2_FW_11M","Soil Field plots","Freshwater amended","5-15","Waccamaw_Freshwater","Waccamaw","Freshwater amended",5433,7.21487936862566,"Alt_d2_FW_11M",0.1,284.1,10.5,11166.325073161,NA,245631.713982621,8.08071921417977,12.2758536481153,1318.10526315789,0.000645825,0.151985268,NA,NA,NA,NA,6.8,NA,NA,NA,NA,NA,NA,NA,NA,NA,NA,NA,NA,41.5546,NA,NA,NA,NA,NA,NA,NA,NA,NA,NA,NA,NA,NA,30.2698966508499,2.10668289776639,14.3685111237878,62.0578993509135,37.9421006490865,NA,NA,NA,NA,NA,74.2353404770836,491.173238784439,2.11821128824548,-4.10320174075225,-1.11303859536535,-11.3370931213642,NA,"Freshwater","Lab","Field","Waccamaw",NA,"Waccamaw","Waccamaw_Freshwater",1.62571428571429
"Alt_d2_FW_14M","Soil Field plots","Freshwater amended","5-15","Waccamaw_Freshwater","Waccamaw","Freshwater amended",5607,7.15771988698525,"Alt_d2_FW_14M",0.1,225.6,6.4,8340.84034858992,NA,164685.680812918,7.99214405011036,10.7487601494711,1317.15384615385,0.000318494,0.141456868,NA,NA,NA,NA,6.75,NA,NA,NA,NA,NA,NA,NA,NA,NA,NA,NA,NA,32.5471,NA,NA,NA,NA,NA,NA,NA,NA,NA,NA,NA,NA,NA,24.4741717141029,1.58060954749577,15.4840085287846,53.4494910899926,46.5505089100074,NA,NA,NA,NA,NA,35.187363339665,351.951736135987,2.37133087614903,-0.0799325014432268,-0.15642704583513,-67.5696078866734,NA,"Freshwater","Lab","Field","Waccamaw",NA,"Waccamaw","Waccamaw_Freshwater",6.75862068965517
"Alt_d2_FW_1M","Soil Field plots","Freshwater amended","5-15","Waccamaw_Freshwater","Waccamaw","Freshwater amended",5371,7.12187497348482,"Alt_d2_FW_1M",0.1,321.3,4.9,3451.87119489991,NA,136440.776279682,5.21492559376412,7.48032597930729,1107.37916666667,0.340366523,0.760277685,NA,NA,NA,NA,7.05,NA,NA,NA,NA,NA,NA,NA,NA,NA,NA,NA,NA,41.4345,NA,NA,NA,NA,NA,NA,NA,NA,NA,NA,NA,NA,NA,31.622582952713,1.91868587290707,16.4826480535336,67.6822602078518,32.3177397921482,NA,NA,NA,NA,NA,28.7888943458033,290.600480071747,1.54536169456903,1.42546294240419,-0.312854091670259,14.347884009059,NA,"Freshwater","Lab","Field","Waccamaw",NA,"Waccamaw","Waccamaw_Freshwater",1.14285714285714
"Alt_d2_FW_4M","Soil Field plots","Freshwater amended","5-15","Waccamaw_Freshwater","Waccamaw","Freshwater amended",5565,7.23194777012989,"Alt_d2_FW_4M",0.1,333.4,4.5,14428.3420054145,NA,153676.930590297,7.03730378177734,9.7683838410735,1071.68421052632,0.002015825,0.287934135,NA,NA,NA,NA,6.84,NA,NA,NA,NA,NA,NA,NA,NA,NA,NA,NA,NA,50.3219,NA,NA,NA,NA,NA,NA,NA,NA,NA,NA,NA,NA,NA,32.4746152681944,2.26476230078939,14.3390832922622,68.8156008822049,31.1843991177951,NA,NA,NA,NA,NA,83.1827799170587,462.489760650768,4.74266175229806,-2.19814378968871,0.62570818334052,22.7674408277455,NA,"Freshwater","Lab","Field","Waccamaw",NA,"Waccamaw","Waccamaw_Freshwater",1.12745098039216
"Alt_d2_FW_7M","Soil Field plots","Freshwater amended","5-15","Waccamaw_Freshwater","Waccamaw","Freshwater amended",5359,7.19034553075911,"Alt_d2_FW_7M",0.1,362.8,168.9,3049.90643251844,NA,181301.996894178,5.16414039155167,8.36407853559362,1358.45,0.006258064,0.265902269,NA,NA,NA,NA,6.64,NA,NA,NA,NA,NA,NA,NA,NA,NA,NA,NA,NA,57.4078,NA,NA,NA,NA,NA,NA,NA,NA,NA,NA,NA,NA,NA,27.636578242523,1.96067418481464,14.0954465849387,60.5356723830211,39.4643276169789,NA,NA,NA,NA,NA,92.1972179491513,396.49015143051,5.80842843820774,0.706070429415159,0.379034764908199,34.7839602113771,NA,"Freshwater","Lab","Field","Waccamaw",NA,"Waccamaw","Waccamaw_Freshwater",0.765582655826558
"Alt_d2_SAL_12M","Soil Field plots","Saltwater amended","5-15","Waccamaw_Oligohaline","Waccamaw","Saltwater amended",3852,6.59473677972473,"Alt_d2_SAL_12M",0.6,1194,31.3,4460.7736227523,NA,111515.321709684,3.80521696319074,5.74776073184546,1250.11764705882,0.000162884,0.214435906,NA,NA,NA,NA,6.71,NA,NA,NA,NA,NA,NA,NA,NA,NA,NA,NA,NA,55.7264,NA,NA,NA,NA,NA,NA,NA,NA,NA,NA,NA,NA,NA,30.3552320383263,1.94409732527258,15.6140495867769,64.9925598227777,35.0074401772223,NA,NA,NA,NA,NA,16.9086364174687,115.737010239364,6.20809094542387,-4.0365913228829,-0.734003830457148,-67.4497091345086,NA,"Oligohaline","Lab","Field","Waccamaw",NA,"Waccamaw","Waccamaw_Oligohaline",0.489835430784124
"Alt_d2_SAL_13M","Soil Field plots","Saltwater amended","5-15","Waccamaw_Oligohaline","Waccamaw","Saltwater amended",5203,7.14094501746753,"Alt_d2_SAL_13M",2,3846,78,2981.67848346017,NA,74328.3945776129,3.12308938109259,4.45917688098448,1366.45,0.000980333,0.318934097,NA,NA,NA,NA,6.65,NA,NA,NA,NA,NA,NA,NA,NA,NA,NA,NA,NA,40.3536,NA,NA,NA,NA,NA,NA,NA,NA,NA,NA,NA,NA,NA,26.9814883788482,1.70101963833143,15.8619499568594,59.4538429482757,40.5461570517243,NA,NA,NA,NA,NA,-0.885549944539783,55.4493105600795,9.80505351036902,0.27976375505129,0.102279222276816,61.8544340334829,NA,"Oligohaline","Lab","Field","Waccamaw",NA,"Waccamaw","Waccamaw_Oligohaline",0.724786324786325
"Alt_d2_SAL_2M","Soil Field plots","Saltwater amended","5-15","Waccamaw_Oligohaline","Waccamaw","Saltwater amended",4933,7.11214161831159,"Alt_d2_SAL_2M",1.7,3242,6.1,2606.33514843149,NA,72270.5004303903,5.16147097783283,6.38030884621877,1035.38095238095,0.002214207,0.46194729,NA,NA,NA,NA,7.06,NA,NA,NA,NA,NA,NA,NA,NA,NA,NA,NA,NA,34.3486,NA,NA,NA,NA,NA,NA,NA,NA,NA,NA,NA,NA,NA,26.9973198434082,1.62094925702175,16.6552529182879,60.9849849607529,39.0150150392471,NA,NA,NA,NA,NA,1.86605314849572,85.3654239613135,1.53203961099516,-1.82512544962032,-0.505379686544266,4.28971091078652,NA,"Oligohaline","Lab","Field","Waccamaw",NA,"Waccamaw","Waccamaw_Oligohaline",0.142206016408387
"Alt_d2_SAL_6M","Soil Field plots","Saltwater amended","5-15","Waccamaw_Oligohaline","Waccamaw","Saltwater amended",5176,7.04115890580207,"Alt_d2_SAL_6M",1.7,3329,53.9,1507.21805944117,NA,87232.891804609,3.64051595707531,5.06967773621543,1284.04761904762,6.27849e-05,0.101738117,NA,NA,NA,NA,7.09,NA,NA,NA,NA,NA,NA,NA,NA,NA,NA,NA,NA,41.5546,NA,NA,NA,NA,NA,NA,NA,NA,NA,NA,NA,NA,NA,29.4375208874921,1.87310705398966,15.7158774373259,64.1099311115005,35.8900688884995,NA,NA,NA,NA,NA,10.8857849030348,38.2750839974925,13.0023535680981,5.83507260535548,3.16463946574147,-30.8273013899374,NA,"Oligohaline","Lab","Field","Waccamaw",NA,"Waccamaw","Waccamaw_Oligohaline",1.56166982922201
"Alt_d2_SAL_8M","Soil Field plots","Saltwater amended","5-15","Waccamaw_Oligohaline","Waccamaw","Saltwater amended",4214,6.74086265766555,"Alt_d2_SAL_8M",2.5,4684,46.6,6485.98920471472,NA,138108.042497573,8.75078491779909,11.128067824435,1400.1,0.000688294,0.282930019,NA,NA,NA,NA,6.77,NA,NA,NA,NA,NA,NA,NA,NA,NA,NA,NA,NA,44.7973,NA,NA,NA,NA,NA,NA,NA,NA,NA,NA,NA,NA,NA,32.1694305726318,1.80025913516444,17.8693333333333,69.7838409777991,30.2161590222009,NA,NA,NA,NA,NA,71.5004464575304,214.719223466809,7.93996181002709,-1.87841378391581,-0.234640568752695,-68.6753408233047,NA,"Oligohaline","Lab","Field","Waccamaw",NA,"Waccamaw","Waccamaw_Oligohaline",0.938331318016929
"TL_inc_d1_ASW_3","Soil Incubation","5ppt ASW","0-5","Alligator_Oligohaline","Alligator","5ppt ASW",2446,5.64444730380545,"TL_inc_d1_ASW_3",2.96995337,NA,NA,13983.15164,21.99108495,21283.80392,NA,NA,NA,NA,NA,2969.95337,29.6188181,19.7906,5e-04,5.32,0.007008,NA,NA,NA,NA,NA,38.14,17.32,3.48502454,19.7911,-2.4711,NA,NA,NA,NA,NA,NA,NA,NA,NA,NA,NA,NA,NA,NA,NA,14.0630493164062,0.577058911323547,24.3702142717996,NA,NA,NA,NA,NA,NA,NA,NA,NA,NA,NA,NA,NA,NA,"Oligohaline","Lab","Lab","Alligator",NA,"Alligator","Alligator_Oligohaline",59.1707317073171
"TL_inc_d1_ASW_4","Soil Incubation","5ppt ASW","0-5","Alligator_Oligohaline","Alligator","5ppt ASW",1875,5.18598157115037,"TL_inc_d1_ASW_4",3.60151364,NA,NA,56407.29959,23.88783275,75118.94333,NA,NA,NA,NA,NA,3601.51364,180.910734,20.179121,5e-04,4.85,0.00480873,NA,NA,NA,NA,NA,27.67,15.84,2.32535314,20.179621,-4.339621,NA,NA,NA,NA,NA,NA,NA,NA,NA,NA,NA,NA,NA,NA,NA,13.8467178344727,0.54697972536087,25.3148648706079,NA,NA,NA,NA,NA,NA,NA,NA,NA,NA,NA,NA,NA,NA,"Oligohaline","Lab","Lab","Alligator",NA,"Alligator","Alligator_Oligohaline",2.2
"TL_inc_d1_ASW_5","Soil Incubation","5ppt ASW","0-5","Alligator_Oligohaline","Alligator","5ppt ASW",1155,3.6913624345021,"TL_inc_d1_ASW_5",1.80017623,NA,NA,1.789951,86.10041354,63893.32825,NA,NA,NA,NA,NA,1800.17623,261.932677,2.50545188,135.051755,3.85,0.0025,NA,NA,NA,NA,NA,43.63464,157.82,0.005,137.557207,20.2627927,NA,NA,NA,NA,NA,NA,NA,NA,NA,NA,NA,NA,NA,NA,NA,17.5951061248779,0.696638166904449,25.2571664327017,NA,NA,NA,NA,NA,NA,NA,NA,NA,NA,NA,NA,NA,NA,"Oligohaline","Lab","Lab","Alligator",NA,"Alligator","Alligator_Oligohaline",5.06666666666667
"TL_inc_d1_DI_ctrl_2","Soil Incubation","DI_ctrl","0-5","Alligator_Freshwater","Alligator","DI_ctrl",2173,5.59879455847777,"TL_inc_d1_DI_ctrl_2",0.458044018,NA,NA,27663.04801,16.66589724,65521.81769,NA,NA,NA,NA,NA,458.044018,3.13658197,6.289484,5e-04,4.19,0.0025,NA,NA,NA,NA,NA,19.64,6.27,1.75333604,6.289984,-0.019984,NA,NA,NA,NA,NA,NA,NA,NA,NA,NA,NA,NA,NA,NA,NA,17.3406009674072,0.674808204174042,25.6970808299996,NA,NA,NA,NA,NA,NA,NA,NA,NA,NA,NA,NA,NA,NA,"Freshwater","Lab","Lab","Alligator",NA,"Alligator","Alligator_Freshwater",0.414285714285714
"TL_inc_d1_DI_ctrl_3","Soil Incubation","DI_ctrl","0-5","Alligator_Freshwater","Alligator","DI_ctrl",3243,6.28366633723778,"TL_inc_d1_DI_ctrl_3",0.00576702054,NA,NA,770.897167,563.7642806,297282.877,NA,NA,NA,NA,NA,5.76702054,0.2286145,3.40782679,0.00910331,4.14,0.00278555,NA,NA,NA,NA,NA,110.4,5.819,0.08269281,3.4169301,2.4020699,NA,NA,NA,NA,NA,NA,NA,NA,NA,NA,NA,NA,NA,NA,NA,16.1042251586914,0.649638891220093,24.7895028705038,NA,NA,NA,NA,NA,NA,NA,NA,NA,NA,NA,NA,NA,NA,"Freshwater","Lab","Lab","Alligator",NA,"Alligator","Alligator_Freshwater",0.0805687203791469
"TL_inc_d1_DI_ctrl_4","Soil Incubation","DI_ctrl","0-5","Alligator_Freshwater","Alligator","DI_ctrl",2631,6.02573288231736,"TL_inc_d1_DI_ctrl_4",0.00181170675,NA,NA,-1163.750626,1214.36367,574594.2542,NA,NA,NA,NA,NA,1.81170675,2.8725038,1.42648625,1.21201877,3.96,0.00383527,NA,NA,NA,NA,NA,41.7,3.957,0.005,2.63850502,1.31849498,NA,NA,NA,NA,NA,NA,NA,NA,NA,NA,NA,NA,NA,NA,NA,15.3424024581909,0.5949587225914,25.7873393155169,NA,NA,NA,NA,NA,NA,NA,NA,NA,NA,NA,NA,NA,NA,"Freshwater","Lab","Lab","Alligator",NA,"Alligator","Alligator_Freshwater",0.0566037735849057
"TL_inc_d1_DI_ctrl_5","Soil Incubation","DI_ctrl","0-5","Alligator_Freshwater","Alligator","DI_ctrl",2484,5.8399693901771,"TL_inc_d1_DI_ctrl_5",0.00246342477,NA,NA,3.497878,1313.523272,412676.774,NA,NA,NA,NA,NA,2.46342477,24.9629087,0.0025,50.7249048,4.075,0.0025,NA,NA,NA,NA,NA,25.36,68.49,0.02611411,50.7274048,17.7625952,NA,NA,NA,NA,NA,NA,NA,NA,NA,NA,NA,NA,NA,NA,NA,13.4685754776001,0.504930078983307,26.674139723899,NA,NA,NA,NA,NA,NA,NA,NA,NA,NA,NA,NA,NA,NA,"Freshwater","Lab","Lab","Alligator",NA,"Alligator","Alligator_Freshwater",0.104166666666667
"TL_inc_d2_ASW_1","Soil Incubation","5ppt ASW","5-15","Alligator_Oligohaline","Alligator","5ppt ASW",1587,5.1559075026994,"TL_inc_d2_ASW_1",3.05555336,NA,NA,45285.15172,23.19548691,74787.53747,NA,NA,NA,NA,NA,3055.55336,135.562653,56.72608,5e-04,4.03,0.00603071,NA,NA,NA,NA,NA,28.2,30.93,2.70164923,56.72658,-25.79658,NA,NA,NA,NA,NA,NA,NA,NA,NA,NA,NA,NA,NA,NA,NA,20.3015689849854,0.698792397975922,29.0523609641284,NA,NA,NA,NA,NA,NA,NA,NA,NA,NA,NA,NA,NA,NA,"Oligohaline","Lab","Lab","Alligator",NA,"Alligator","Alligator_Oligohaline",14.9111111111111
"TL_inc_d2_ASW_3","Soil Incubation","5ppt ASW","5-15","Alligator_Oligohaline","Alligator","5ppt ASW",1255,4.91196592568349,"TL_inc_d2_ASW_3",2.71397261,NA,NA,13983.15164,21.99108495,21283.80392,NA,NA,NA,NA,NA,2713.97261,10.115738,7.977929,5e-04,4.2,0.00490213,NA,NA,NA,NA,NA,24.38,6.885,2.97101751,7.978429,-1.093429,NA,NA,NA,NA,NA,NA,NA,NA,NA,NA,NA,NA,NA,NA,NA,7.98373508453369,0.261178702116013,30.5680938753858,NA,NA,NA,NA,NA,NA,NA,NA,NA,NA,NA,NA,NA,NA,"Oligohaline","Lab","Lab","Alligator",NA,"Alligator","Alligator_Oligohaline",4.31428571428571
"TL_inc_d2_ASW_4","Soil Incubation","5ppt ASW","5-15","Alligator_Oligohaline","Alligator","5ppt ASW",1918,5.24157421804265,"TL_inc_d2_ASW_4",2.4244659,NA,NA,56407.29959,23.88783275,75118.94333,NA,NA,NA,NA,NA,2424.4659,55.86895,26.47428,5e-04,4.04,0.00644906,NA,NA,NA,NA,NA,31.36098,21.3,2.49460949,26.47478,-5.17478,NA,NA,NA,NA,NA,NA,NA,NA,NA,NA,NA,NA,NA,NA,NA,16.7689609527588,0.524258732795715,31.986040296048,NA,NA,NA,NA,NA,NA,NA,NA,NA,NA,NA,NA,NA,NA,"Oligohaline","Lab","Lab","Alligator",NA,"Alligator","Alligator_Oligohaline",2.11111111111111
"TL_inc_d2_ASW_5","Soil Incubation","5ppt ASW","5-15","Alligator_Oligohaline","Alligator","5ppt ASW",1279,4.99937155786892,"TL_inc_d2_ASW_5",1.59930913,NA,NA,1.789951,86.10041354,63893.32825,NA,NA,NA,NA,NA,1599.30913,168.252726,8.97692188,82.2118324,4.55,0.01648335,NA,NA,NA,NA,NA,33.24468,97.76,0.005,91.1887542,6.57124576,NA,NA,NA,NA,NA,NA,NA,NA,NA,NA,NA,NA,NA,NA,NA,9.09061527252197,0.310946494340897,29.235303944465,NA,NA,NA,NA,NA,NA,NA,NA,NA,NA,NA,NA,NA,NA,"Oligohaline","Lab","Lab","Alligator",NA,"Alligator","Alligator_Oligohaline",11.5
"TL_inc_d2_DI_ctrl_1","Soil Incubation","DI_ctrl","5-15","Alligator_Freshwater","Alligator","DI_ctrl",1760,5.2072016098172,"TL_inc_d2_DI_ctrl_1",0.00117775552,NA,NA,0.163249,522.7278938,58655.45702,NA,NA,NA,NA,NA,1.17775552,1.25046917,0.1413217,0.20842691,3.71,0.0026518,NA,NA,NA,NA,NA,43.95,1.947,0.005,0.34974861,1.59725139,NA,NA,NA,NA,NA,NA,NA,NA,NA,NA,NA,NA,NA,NA,NA,13.7013530731201,0.465913832187653,29.4074829433304,NA,NA,NA,NA,NA,NA,NA,NA,NA,NA,NA,NA,NA,NA,"Freshwater","Lab","Lab","Alligator",NA,"Alligator","Alligator_Freshwater",0.171875
"TL_inc_d2_DI_ctrl_3","Soil Incubation","DI_ctrl","5-15","Alligator_Freshwater","Alligator","DI_ctrl",1946,5.46021144001984,"TL_inc_d2_DI_ctrl_3",0.00401132081,NA,NA,770.897167,563.7642806,297282.877,NA,NA,NA,NA,NA,4.01132081,0.22321913,2.2913804,5e-04,3.71,0.00252157,NA,NA,NA,NA,NA,79.19,4.228,0.14647805,2.2918804,1.9361196,NA,NA,NA,NA,NA,NA,NA,NA,NA,NA,NA,NA,NA,NA,NA,16.4703636169434,0.595917046070099,27.6386851585479,NA,NA,NA,NA,NA,NA,NA,NA,NA,NA,NA,NA,NA,NA,"Freshwater","Lab","Lab","Alligator",NA,"Alligator","Alligator_Freshwater",2.61702127659574
"TL_inc_d2_DI_ctrl_4","Soil Incubation","DI_ctrl","5-15","Alligator_Freshwater","Alligator","DI_ctrl",1716,5.24251132054899,"TL_inc_d2_DI_ctrl_4",0.00237588532,NA,NA,-1163.750626,1214.36367,574594.2542,NA,NA,NA,NA,NA,2.37588532,6.3002217,1.68479271,1.58637061,3.68,0.00365863,NA,NA,NA,NA,NA,24.01,4.075,0.03812011,3.27116332,0.80383668,NA,NA,NA,NA,NA,NA,NA,NA,NA,NA,NA,NA,NA,NA,NA,11.2415866851807,0.372171849012375,30.2053653843305,NA,NA,NA,NA,NA,NA,NA,NA,NA,NA,NA,NA,NA,NA,"Freshwater","Lab","Lab","Alligator",NA,"Alligator","Alligator_Freshwater",0.14
"TL_inc_d2_DI_ctrl_5","Soil Incubation","DI_ctrl","5-15","Alligator_Freshwater","Alligator","DI_ctrl",1700,4.94501174870791,"TL_inc_d2_DI_ctrl_5",0.00321997322,NA,NA,3.497878,1313.523272,412676.774,NA,NA,NA,NA,NA,3.21997322,18.6545793,0.0265396,36.4016317,3.7,0.0025,NA,NA,NA,NA,NA,18.4,47.28,0.03705312,36.4281713,10.8518287,NA,NA,NA,NA,NA,NA,NA,NA,NA,NA,NA,NA,NA,NA,NA,14.8196439743042,0.52821159362793,28.0562641052955,NA,NA,NA,NA,NA,NA,NA,NA,NA,NA,NA,NA,NA,NA,"Freshwater","Lab","Lab","Alligator",NA,"Alligator","Alligator_Freshwater",0.0416666666666667
"Browns_ThreeSqA_D1","Browns","Three-square","0-5","SF_Oligohaline","SF","Browns",4690,7.07311133443276,"Browns_ThreeSqA_D1",4.865336514,NA,NA,2.967183697,NA,11354.77446,NA,NA,NA,NA,NA,55851.5459,61.612,NA,NA,6.25,NA,429.71,NA,NA,NA,NA,NA,0.599,NA,NA,NA,10.51,NA,740570.67,11945.29,72503.11,1572.14,100411.18,11.7,100411.18,6.25,16.38,0.43,23.5,3154.341,175.1,8.18,0.599,15.7502575894189,NA,NA,0.356835811382249,NA,NA,NA,NA,NA,NA,NA,NA,NA,NA,NA,"Oligohaline","Field","Obs","SF","Obs_SF_Oligohaline","SF","SF_Oligohaline",0.0134529147982063
"Browns_ThreeSqA_D2","Browns","Three-square","5-15","SF_Oligohaline","SF","Browns",4228,6.64495383025625,"Browns_ThreeSqA_D2",4.865336514,NA,NA,2.967183697,NA,11354.77446,NA,NA,NA,NA,NA,55851.5459,61.612,NA,NA,6.05,NA,429.71,NA,NA,NA,NA,NA,0.5,NA,NA,NA,10.51,NA,740570.67,11945.29,72503.11,1572.14,100411.18,11.7,100411.18,6.05,28.53,0.42,22,3497.8515,175,7.18,0.5,19.4052518524686,NA,NA,0.371153297641414,40070,621,57,113,NA,NA,NA,NA,NA,NA,NA,"Oligohaline","Field","Obs","SF","Obs_SF_Oligohaline","SF","SF_Oligohaline",0.0245316681534344
"Browns_ThreeSqB_D1","Browns","Three-square","0-5","SF_Oligohaline","SF","Browns",4998,7.16563192685224,"Browns_ThreeSqB_D1",4.348960689,NA,NA,1.012024245,NA,3668.625483,NA,NA,NA,NA,NA,56482.2014,22.508,NA,NA,6.23,NA,444.01,NA,NA,NA,NA,NA,0.592,NA,NA,NA,19.96,NA,735115.74,13579.15,74038.84,2940.1,103892.89,11.57,103892.89,6.23,24.57,0.38,18.4,2795.9415,145.7,8.37,0.592,16.4289688281238,NA,NA,0.348025050607379,NA,NA,NA,NA,NA,NA,NA,NA,NA,NA,NA,"Oligohaline","Field","Obs","SF","Obs_SF_Oligohaline","SF","SF_Oligohaline",0.01270207852194
"Browns_ThreeSqB_D2","Browns","Three-square","5-15","SF_Oligohaline","SF","Browns",4098,6.56317581284047,"Browns_ThreeSqB_D2",4.348960689,NA,NA,1.012024245,NA,3668.625483,NA,NA,NA,NA,NA,56482.2014,22.508,NA,NA,5.93,NA,444.01,NA,NA,NA,NA,NA,0.459,NA,NA,NA,19.96,NA,735115.74,13579.15,74038.84,2940.1,103892.89,11.57,103892.89,5.93,13.87,0.25,8.5,2909.027,156.8,6.43,0.459,18.4708842602342,NA,NA,0.40199096035346,41180,514,61,122,NA,NA,NA,NA,NA,NA,NA,"Oligohaline","Field","Obs","SF","Obs_SF_Oligohaline","SF","SF_Oligohaline",0.0184615384615385
"Browns_ThreeSqC_D1","Browns","Three-square","0-5","SF_Oligohaline","SF","Browns",4144,6.84030423658826,"Browns_ThreeSqC_D1",4.143776503,NA,NA,-0.039032977,NA,1208.837148,NA,NA,NA,NA,NA,52752.89685,8.8065,NA,NA,6.22,NA,266.77,NA,NA,NA,NA,NA,0.556,NA,NA,NA,19.15,NA,701542.46,15138.08,72569.68,5699.23,100987.7,11.23,100987.7,6.22,15.86,0.42,15.7,2930.297,143.6,7.37,0.556,15.4791650818884,NA,NA,0.373980083390018,NA,NA,NA,NA,NA,NA,NA,NA,NA,NA,NA,"Oligohaline","Field","Obs","SF","Obs_SF_Oligohaline","SF","SF_Oligohaline",0.0140845070422535
"Browns_ThreeSqC_D2","Browns","Three-square","5-15","SF_Oligohaline","SF","Browns",4019,6.62936094486561,"Browns_ThreeSqC_D2",4.143776503,NA,NA,-0.039032977,NA,1208.837148,NA,NA,NA,NA,NA,52752.89685,8.8065,NA,NA,5.98,NA,266.77,NA,NA,NA,NA,NA,0.461,NA,NA,NA,19.15,NA,701542.46,15138.08,72569.68,5699.23,100987.7,11.23,100987.7,5.98,19.2,0.6,17.6,3331.591,141.9,6.51,0.461,18.2642664325597,NA,NA,0.417648416480469,43760,487,63,121,NA,NA,NA,NA,NA,NA,NA,"Oligohaline","Field","Obs","SF","Obs_SF_Oligohaline","SF","SF_Oligohaline",0.0153649167733675
"Browns_TuleA_D2","Browns","Tule","5-15","SF_Oligohaline","SF","Browns",4130,6.65603445699163,"Browns_TuleA_D2",2.601674251,NA,NA,1.091748797,NA,1092.512646,NA,NA,NA,NA,NA,49987.7614,173.628,NA,NA,5.74,NA,840.98,NA,NA,NA,NA,NA,0.389,NA,NA,NA,9.053,NA,701808.98,19522.06,74944.69,8536.98,94484.69,13.35,94484.69,5.74,15.64,0.25,24.8,2211.7255,106,5.39,0.389,18.1972202430548,NA,NA,0.49753264750596,42340,927,62,120,NA,NA,NA,NA,NA,NA,NA,"Oligohaline","Field","Obs","SF","Obs_SF_Oligohaline","SF","SF_Oligohaline",0.0239303843364757
"Browns_TuleB_D1","Browns","Tule","0-5","SF_Oligohaline","SF","Browns",4480,6.93789525923324,"Browns_TuleB_D1",2.879273163,NA,NA,1.851068939,NA,2701.849321,NA,NA,NA,NA,NA,52205.83245,197.094,NA,NA,6.05,NA,43.23,NA,NA,NA,NA,NA,0.524,NA,NA,NA,8.675,NA,719536.26,19647.19,61483.98,17.23,84484.99,15.07,84484.99,6.05,12.59,0.15,14.8,2527.2305,126.5,7.23,0.524,16.3354361555343,NA,NA,0.388536194420168,NA,NA,NA,NA,NA,NA,NA,NA,NA,NA,NA,"Oligohaline","Field","Obs","SF","Obs_SF_Oligohaline","SF","SF_Oligohaline",0.00550964187327824
"Browns_TuleB_D2","Browns","Tule","5-15","SF_Oligohaline","SF","Browns",3866,6.61964620935232,"Browns_TuleB_D2",2.879273163,NA,NA,1.851068939,NA,2701.849321,NA,NA,NA,NA,NA,52205.83245,197.094,NA,NA,5.66,NA,43.23,NA,NA,NA,NA,NA,0.411,NA,NA,NA,8.675,NA,719536.26,19647.19,61483.98,17.23,84484.99,15.07,84484.99,5.66,8.68,0.56,18.8,2845.217,134.7,5.92,0.411,20.1173316187655,NA,NA,0.418768117328942,43100,1315,61,116,NA,NA,NA,NA,NA,NA,NA,"Oligohaline","Field","Obs","SF","Obs_SF_Oligohaline","SF","SF_Oligohaline",0.0151745068285281
"Browns_TuleC_D1","Browns","Tule","0-5","SF_Oligohaline","SF","Browns",5764,7.39529014391254,"Browns_TuleC_D1",2.741693348,NA,NA,0.781500622,NA,966.941824,NA,NA,NA,NA,NA,64342.122225,205.3085,NA,NA,6.21,NA,7.32,NA,NA,NA,NA,NA,0.557,NA,NA,NA,8.609,NA,870858.57,22817.17,74802.18,0.71,107983.69,17.08,107983.69,6.21,13.4,0.13,15.4,2930.297,137.7,8.38,0.557,16.7075841759058,NA,NA,0.352705767269029,NA,NA,NA,NA,NA,NA,NA,NA,NA,NA,NA,"Oligohaline","Field","Obs","SF","Obs_SF_Oligohaline","SF","SF_Oligohaline",0.048030739673391
"Browns_TuleC_D2","Browns","Tule","5-15","SF_Oligohaline","SF","Browns",4443,6.82394400141847,"Browns_TuleC_D2",2.741693348,NA,NA,0.781500622,NA,966.941824,NA,NA,NA,NA,NA,64342.122225,205.3085,NA,NA,6.13,NA,7.32,NA,NA,NA,NA,NA,0.397,NA,NA,NA,8.609,NA,870858.57,22817.17,74802.18,0.71,107983.69,17.08,107983.69,6.13,10.58,NA,10.3,2608.411,128.2,5.78,0.397,18.8586448987672,NA,NA,0.402431498392203,33960,425,63,115,NA,NA,NA,NA,NA,NA,NA,"Oligohaline","Field","Obs","SF","Obs_SF_Oligohaline","SF","SF_Oligohaline",0.0752688172043011
"MayberryNE_CattailA_D1","Mayberry","Cattail","0-5","SF_Oligohaline","SF","Mayberry",4398,6.65739652046894,"MayberryNE_CattailA_D1",3.1,NA,NA,26.5786859,NA,2001.925557,NA,NA,NA,NA,NA,35569.0411,15.41,NA,NA,7.35,NA,712.9,NA,NA,NA,NA,NA,0.888,NA,NA,NA,88.69,NA,514338.59,14340.51,125406.03,136.56,92674.94,14.99,92674.94,7.35,9.84,0.13,13.9,2181.593,208.1,13.91,0.888,13.5791796708873,NA,NA,0.634686823568109,NA,NA,NA,NA,NA,NA,NA,NA,NA,NA,NA,"Oligohaline","Field","Obs","SF","Obs_SF_Oligohaline","SF","SF_Oligohaline",0.26578073089701
"MayberryNE_CattailA_D2","Mayberry","Cattail","5-15","SF_Oligohaline","SF","Mayberry",4173,6.69466173979479,"MayberryNE_CattailA_D2",3.1,NA,NA,26.5786859,NA,2001.925557,NA,NA,NA,NA,NA,35569.0411,15.41,NA,NA,7.27,NA,712.9,NA,NA,NA,NA,NA,0.928,NA,NA,NA,88.69,NA,514338.59,14340.51,125406.03,136.56,92674.94,14.99,92674.94,7.27,9.92,0.19,13.1,2032.3485,54.7,13.98,0.928,16.273754266922,NA,NA,0.689423674881991,29540,565,41,59,NA,NA,NA,NA,NA,NA,NA,"Oligohaline","Field","Obs","SF","Obs_SF_Oligohaline","SF","SF_Oligohaline",0.0625782227784731
"MayberryNE_CattailB_D1","Mayberry","Cattail","0-5","SF_Oligohaline","SF","Mayberry",4898,6.94877151786189,"MayberryNE_CattailB_D1",3.3,NA,NA,17.03466156,NA,1713.242764,NA,NA,NA,NA,NA,34260.0144,22.95,NA,NA,7.21,NA,107.3,NA,NA,NA,NA,NA,0.987,NA,NA,NA,72.63,NA,490642.11,13106.42,124111.32,12.35,85864.31,12.38,85864.31,7.21,14.3,0.56,4.7,2239.022,202.2,14.53,0.987,14.0367074862227,NA,NA,0.572919719385945,NA,NA,NA,NA,NA,NA,NA,NA,NA,NA,NA,"Oligohaline","Field","Obs","SF","Obs_SF_Oligohaline","SF","SF_Oligohaline",0.265905383360522
"MayberryNE_CattailB_D2","Mayberry","Cattail","5-15","SF_Oligohaline","SF","Mayberry",3961,6.50082421079942,"MayberryNE_CattailB_D2",3.3,NA,NA,17.03466156,NA,1713.242764,NA,NA,NA,NA,NA,34260.0144,22.95,NA,NA,7.29,NA,107.3,NA,NA,NA,NA,NA,0.858,NA,NA,NA,72.63,NA,490642.11,13106.42,124111.32,12.35,85864.31,12.38,85864.31,7.29,13.41,NA,12.8,2211.7255,53.4,13.36,0.858,16.9762245913274,NA,NA,0.640322039313703,30210,533,41,61,NA,NA,NA,NA,NA,NA,NA,"Oligohaline","Field","Obs","SF","Obs_SF_Oligohaline","SF","SF_Oligohaline",0.0395480225988701
"MayberryNE_CattailC_D1","Mayberry","Cattail","0-5","SF_Oligohaline","SF","Mayberry",3718,6.13726959073255,"MayberryNE_CattailC_D1",3.3,NA,NA,5.731015721,NA,1055.007089,NA,NA,NA,NA,NA,60306.831,34.642,NA,NA,7.22,NA,195.68,NA,NA,NA,NA,NA,0.938,NA,NA,NA,93.27,NA,854405.27,27640.86,111678.4,55.72,141977.4,16.78,141977.4,7.22,12.49,0.35,3.6,2392.875,174.3,13.56,0.938,14.2850956275156,NA,NA,0.55728061901055,NA,NA,NA,NA,NA,NA,NA,NA,NA,NA,NA,"Oligohaline","Field","Obs","SF","Obs_SF_Oligohaline","SF","SF_Oligohaline",0.0226244343891403
"MayberryNE_CattailC_D2","Mayberry","Cattail","5-15","SF_Oligohaline","SF","Mayberry",3825,6.42073314652096,"MayberryNE_CattailC_D2",3.3,NA,NA,5.731015721,NA,1055.007089,NA,NA,NA,NA,NA,60306.831,34.642,NA,NA,6.81,NA,195.68,NA,NA,NA,NA,NA,0.933,NA,NA,NA,93.27,NA,854405.27,27640.86,111678.4,55.72,141977.4,16.78,141977.4,6.81,10.9,0.2,15,2288.2975,64.4,13.82,0.933,17.123986827723,NA,NA,0.628207243248256,29560,449,42,62,NA,NA,NA,NA,NA,NA,NA,"Oligohaline","Field","Obs","SF","Obs_SF_Oligohaline","SF","SF_Oligohaline",0.0807248764415156
"MayberryNE_TuleA_D1","Mayberry","Tule","0-5","SF_Oligohaline","SF","Mayberry",5303,7.26071134164762,"MayberryNE_TuleA_D1",3.325753237,NA,NA,32.63104086,NA,3358.740915,NA,NA,NA,NA,NA,45264.3325,15.034,NA,NA,6.64,NA,342.81,NA,NA,NA,NA,NA,1.877,NA,NA,NA,78.92,NA,759634.08,22336.15,107005.82,216.4,106436.13,20.8,106436.13,6.64,191.78,7.45,2.4,1650.1975,462.3,33.36,1.877,20.7265840090555,NA,NA,0.0642451306500963,NA,NA,NA,NA,NA,NA,NA,NA,NA,NA,NA,"Oligohaline","Field","Obs","SF","Obs_SF_Oligohaline","SF","SF_Oligohaline",1.45074224021592
"MayberryNE_TuleA_D2","Mayberry","Tule","5-15","SF_Oligohaline","SF","Mayberry",5624,7.19932274486665,"MayberryNE_TuleA_D2",3.325753237,NA,NA,32.63104086,NA,3358.740915,NA,NA,NA,NA,NA,45264.3325,15.034,NA,NA,6.89,NA,342.81,NA,NA,NA,NA,NA,1.892,NA,NA,NA,78.92,NA,759634.08,22336.15,107005.82,216.4,106436.13,20.8,106436.13,6.89,114.8,2.31,2.6,4278.815,1049.9,32.22,1.892,23.29280127818,NA,NA,0.0835186698451252,36000,207,22,37,NA,NA,NA,NA,NA,NA,NA,"Oligohaline","Field","Obs","SF","Obs_SF_Oligohaline","SF","SF_Oligohaline",0.631184407796102
"MayberryNE_TuleB_D1","Mayberry","Tule","0-5","SF_Oligohaline","SF","Mayberry",4898,7.11726502755135,"MayberryNE_TuleB_D1",3.436740106,NA,NA,43.21532629,NA,2055.421289,NA,NA,NA,NA,NA,70624.6953,26.068,NA,NA,6.61,NA,151.26,NA,NA,NA,NA,NA,2.284,NA,NA,NA,109.2,NA,996395.73,34178.03,143863.58,1.09,165305.97,21.68,165305.97,6.61,149.55,5.69,2.8,2156.069,646.2,34.02,2.284,16.8646928435857,NA,NA,0.0935409102265403,NA,NA,NA,NA,NA,NA,NA,NA,NA,NA,NA,"Oligohaline","Field","Obs","SF","Obs_SF_Oligohaline","SF","SF_Oligohaline",1.37858220211161
"MayberryNE_TuleB_D2","Mayberry","Tule","5-15","SF_Oligohaline","SF","Mayberry",5937,7.42604710675283,"MayberryNE_TuleB_D2",3.436740106,NA,NA,43.21532629,NA,2055.421289,NA,NA,NA,NA,NA,70624.6953,26.068,NA,NA,6.96,NA,151.26,NA,NA,NA,NA,NA,2.059,NA,NA,NA,109.2,NA,996395.73,34178.03,143863.58,1.09,165305.97,21.68,165305.97,6.96,243.07,1.45,9.5,3600.302,835.8,32.92,2.059,20.5653385804796,NA,NA,0.0962392057138442,25660,244,21,33,NA,NA,NA,NA,NA,NA,NA,"Oligohaline","Field","Obs","SF","Obs_SF_Oligohaline","SF","SF_Oligohaline",2.13296398891967
"MayberryNE_TuleC_D1","Mayberry","Tule","0-5","SF_Oligohaline","SF","Mayberry",4960,7.16466793940418,"MayberryNE_TuleC_D1",3.431605924,NA,NA,223.5979753,NA,3994.20267,NA,NA,NA,NA,NA,76898.849,48.862,NA,NA,6.83,NA,91.02,NA,NA,NA,NA,NA,1.884,NA,NA,NA,115,NA,1083096.2,31768.44,110855.9,0.65,172987.87,23.8,172987.87,6.83,165.2,5.87,2.4,2027.74,510.3,30.34,1.884,19.3001717639934,NA,NA,0.100956633878723,NA,NA,NA,NA,NA,NA,NA,NA,NA,NA,NA,"Oligohaline","Field","Obs","SF","Obs_SF_Oligohaline","SF","SF_Oligohaline",1.36104513064133
"MayberryNE_TuleC_D2","Mayberry","Tule","5-15","SF_Oligohaline","SF","Mayberry",5355,7.08970141903778,"MayberryNE_TuleC_D2",3.431605924,NA,NA,223.5979753,NA,3994.20267,NA,NA,NA,NA,NA,76898.849,48.862,NA,NA,7.14,NA,91.02,NA,NA,NA,NA,NA,1.748,NA,NA,NA,115,NA,1083096.2,31768.44,110855.9,0.65,172987.87,23.8,172987.87,7.14,197.42,2.5,2.8,3376.258,708.3,31.08,1.748,22.1694477430776,NA,NA,0.10370999662087,35320,277,21,36,NA,NA,NA,NA,NA,NA,NA,"Oligohaline","Field","Obs","SF","Obs_SF_Oligohaline","SF","SF_Oligohaline",1.35791757049892
"MayberryNW_CattailA_D1","Mayberry","Cattail","0-5","SF_Oligohaline","SF","Mayberry",5200,7.08943182677496,"MayberryNW_CattailA_D1",3.7,NA,NA,775.7762525,NA,9783.608475,NA,NA,NA,NA,NA,42557.5123,13.7775,NA,NA,6.33,NA,261.83,NA,NA,NA,NA,NA,1.26,NA,NA,NA,125.3,NA,559893.14,14412.34,208159.83,992.74,142815.83,7.17,142815.83,6.33,22.8,0.2,12.9,2898.392,180.9,18.03,1.26,15.1418422002054,NA,NA,0.422218998632433,NA,NA,NA,NA,NA,NA,NA,NA,NA,NA,NA,"Oligohaline","Field","Obs","SF","Obs_SF_Oligohaline","SF","SF_Oligohaline",0.475583864118896
"MayberryNW_CattailA_D2","Mayberry","Cattail","5-15","SF_Oligohaline","SF","Mayberry",4786,6.84228037361126,"MayberryNW_CattailA_D2",3.7,NA,NA,775.7762525,NA,9783.608475,NA,NA,NA,NA,NA,42557.5123,13.7775,NA,NA,6.37,NA,261.83,NA,NA,NA,NA,NA,1.087,NA,NA,NA,125.3,NA,559893.14,14412.34,208159.83,992.74,142815.83,7.17,142815.83,6.37,17.89,0.19,22.8,2045.1105,47.4,15.73,1.087,17.272782071816,NA,NA,0.541714941641612,29870,412,40,61,NA,NA,NA,NA,NA,NA,NA,"Oligohaline","Field","Obs","SF","Obs_SF_Oligohaline","SF","SF_Oligohaline",0.126315789473684
"MayberryNW_CattailB_D1","Mayberry","Cattail","0-5","SF_Oligohaline","SF","Mayberry",4514,6.84910400910021,"MayberryNW_CattailB_D1",3.7,NA,NA,868.7915088,NA,19225.91127,NA,NA,NA,NA,NA,74778.070475,4.2655,NA,NA,6.39,NA,907.66,NA,NA,NA,NA,NA,1.265,NA,NA,NA,152.1,NA,1066717.9,23214.02,220804.16,1122.42,188097.06,9.5,188097.06,6.39,27.07,0.18,11.4,4043.7815,232.4,17.44,1.265,14.8515224680407,NA,NA,0.444062343053466,NA,NA,NA,NA,NA,NA,NA,NA,NA,NA,NA,"Oligohaline","Field","Obs","SF","Obs_SF_Oligohaline","SF","SF_Oligohaline",0.348958333333333
"MayberryNW_CattailB_D2","Mayberry","Cattail","5-15","SF_Oligohaline","SF","Mayberry",4528,6.70353749553863,"MayberryNW_CattailB_D2",3.7,NA,NA,868.7915088,NA,19225.91127,NA,NA,NA,NA,NA,74778.070475,4.2655,NA,NA,6.53,NA,907.66,NA,NA,NA,NA,NA,1.019,NA,NA,NA,152.1,NA,1066717.9,23214.02,220804.16,1122.42,188097.06,9.5,188097.06,6.53,39.39,0.2,19.9,2665.84,40.4,15.1,1.019,16.2853342891685,NA,NA,0.586301062312779,32530,475,43,63,NA,NA,NA,NA,NA,NA,NA,"Oligohaline","Field","Obs","SF","Obs_SF_Oligohaline","SF","SF_Oligohaline",0.140789473684211
"MayberryNW_CattailC_D1","Mayberry","Cattail","0-5","SF_Oligohaline","SF","Mayberry",5200,7.05502660135414,"MayberryNW_CattailC_D1",3.2,NA,NA,1304.652219,NA,16263.07373,NA,NA,NA,NA,NA,55050.90765,23.5405,NA,NA,6.27,NA,119.59,NA,NA,NA,NA,NA,1.235,NA,NA,NA,94.79,NA,743017.54,14087.7,193011.09,36.14,124685.81,10.28,124685.81,6.27,10.69,0.12,9.5,2911.154,138.1,17.1,1.235,15.1650743903109,NA,NA,0.49846879083829,NA,NA,NA,NA,NA,NA,NA,NA,NA,NA,NA,"Oligohaline","Field","Obs","SF","Obs_SF_Oligohaline","SF","SF_Oligohaline",0.271284271284271
"MayberryNW_CattailC_D2","Mayberry","Cattail","5-15","SF_Oligohaline","SF","Mayberry",3929,6.32958083959103,"MayberryNW_CattailC_D2",3.2,NA,NA,1304.652219,NA,16263.07373,NA,NA,NA,NA,NA,55050.90765,23.5405,NA,NA,6.37,NA,119.59,NA,NA,NA,NA,NA,1.049,NA,NA,NA,94.79,NA,743017.54,14087.7,193011.09,36.14,124685.81,10.28,124685.81,6.37,15.72,NA,16.9,2160.323,34,15.24,1.049,16.7645467028595,NA,NA,0.592927488645546,30990,472,43,63,NA,NA,NA,NA,NA,NA,NA,"Oligohaline","Field","Obs","SF","Obs_SF_Oligohaline","SF","SF_Oligohaline",0.0459363957597173
"MayberryNW_TuleA_D1","Mayberry","Tule","0-5","SF_Oligohaline","SF","Mayberry",4280,6.76524024917268,"MayberryNW_TuleA_D1",3.2,NA,NA,507.6657121,NA,10674.32117,NA,NA,NA,NA,NA,69181.6676,31.102,NA,NA,5.95,NA,213.49,NA,NA,NA,NA,NA,1.188,NA,NA,NA,91.03,NA,976662.06,17709.77,186636.96,440.02,166242.35,10.44,166242.35,5.95,12.22,0.22,8.3,2629.681,61.3,16.15,1.188,14.1747926353704,NA,NA,0.53094011544401,NA,NA,NA,NA,NA,NA,NA,NA,NA,NA,NA,"Oligohaline","Field","Obs","SF","Obs_SF_Oligohaline","SF","SF_Oligohaline",0.416839916839917
"MayberryNW_TuleA_D2","Mayberry","Tule","5-15","SF_Oligohaline","SF","Mayberry",4341,6.54002748960525,"MayberryNW_TuleA_D2",3.2,NA,NA,507.6657121,NA,10674.32117,NA,NA,NA,NA,NA,69181.6676,31.102,NA,NA,5.94,NA,213.49,NA,NA,NA,NA,NA,1.076,NA,NA,NA,91.03,NA,976662.06,17709.77,186636.96,440.02,166242.35,10.44,166242.35,5.94,14.08,0.18,18.5,2704.4805,30.8,15.65,1.076,15.9320266830994,NA,NA,0.612072537579275,32970,417,44,66,NA,NA,NA,NA,NA,NA,NA,"Oligohaline","Field","Obs","SF","Obs_SF_Oligohaline","SF","SF_Oligohaline",0.224318658280922
"MayberryNW_TuleB_D1","Mayberry","Tule","0-5","SF_Oligohaline","SF","Mayberry",4867,7.02070839167239,"MayberryNW_TuleB_D1",3.3,NA,NA,1679.90338,NA,13840.94104,NA,NA,NA,NA,NA,36450.1863,25.446,NA,NA,6.2,NA,102.42,NA,NA,NA,NA,NA,1.288,NA,NA,NA,53.9,NA,515583.57,18008.51,141550.45,3.25,95313.91,6.46,95313.91,6.2,57.69,0.19,8.6,2693.491,153.9,17,1.288,13.9253600865873,NA,NA,0.491053067186108,NA,NA,NA,NA,NA,NA,NA,NA,NA,NA,NA,"Oligohaline","Field","Obs","SF","Obs_SF_Oligohaline","SF","SF_Oligohaline",0.567723342939481
"MayberryNW_TuleB_D2","Mayberry","Tule","5-15","SF_Oligohaline","SF","Mayberry",3889,6.27021288159097,"MayberryNW_TuleB_D2",3.3,NA,NA,1679.90338,NA,13840.94104,NA,NA,NA,NA,NA,36450.1863,25.446,NA,NA,6.48,NA,102.42,NA,NA,NA,NA,NA,1.089,NA,NA,NA,53.9,NA,515583.57,18008.51,141550.45,3.25,95313.91,6.46,95313.91,6.48,67.44,NA,23.2,2134.799,42,16.03,1.089,16.2772738396598,NA,NA,0.608529877517712,31850,476,41,61,NA,NA,NA,NA,NA,NA,NA,"Oligohaline","Field","Obs","SF","Obs_SF_Oligohaline","SF","SF_Oligohaline",0.0749665327978581
"MayberryNW_TuleC_D1","Mayberry","Tule","0-5","SF_Oligohaline","SF","Mayberry",4681,6.63739249787684,"MayberryNW_TuleC_D1",3,NA,NA,164.9451193,NA,1856.553198,NA,NA,NA,NA,NA,54152.5692,17.3,NA,NA,6.63,NA,435.05,NA,NA,NA,NA,NA,1.19,NA,NA,NA,74.55,NA,777787.29,28824.74,143436.13,633.29,123036.21,6.27,123036.21,6.63,39.17,0.13,6.6,2149.3335,101.9,16.82,1.19,13.9745723283069,NA,NA,0.564494429394975,NA,NA,NA,NA,NA,NA,NA,NA,NA,NA,NA,"Oligohaline","Field","Obs","SF","Obs_SF_Oligohaline","SF","SF_Oligohaline",0.15742251223491
"MayberryNW_TuleC_D2","Mayberry","Tule","5-15","SF_Oligohaline","SF","Mayberry",4259,6.58363076018832,"MayberryNW_TuleC_D2",3,NA,NA,164.9451193,NA,1856.553198,NA,NA,NA,NA,NA,54152.5692,17.3,NA,NA,6.48,NA,435.05,NA,NA,NA,NA,NA,1.037,NA,NA,NA,74.55,NA,777787.29,28824.74,143436.13,633.29,123036.21,6.27,123036.21,6.48,23.33,0.22,13.9,2070.6345,47.2,14.78,1.037,16.4637317752844,NA,NA,0.639514386242673,30100,387,42,61,NA,NA,NA,NA,NA,NA,NA,"Oligohaline","Field","Obs","SF","Obs_SF_Oligohaline","SF","SF_Oligohaline",0.254172015404365
"MayberrySE_CattailA_D1","Mayberry","Cattail","0-5","SF_Oligohaline","SF","Mayberry",4533,6.84874036199902,"MayberrySE_CattailA_D1",1.958439419,NA,NA,16.11249201,NA,1609.794453,NA,NA,NA,NA,NA,23752.2799,138.55,NA,NA,6.88,NA,359.11,NA,NA,NA,NA,NA,1.219,NA,NA,NA,17.59,NA,331733.17,732.95,73850.47,259.67,51682.37,5.94,51682.37,6.88,27.21,0.39,8.6,1300.6605,349.7,16.95,1.219,14.7135880160168,NA,NA,0.481654922359579,NA,NA,NA,NA,NA,NA,NA,NA,NA,NA,NA,"Oligohaline","Field","Obs","SF","Obs_SF_Oligohaline","SF","SF_Oligohaline",0.177173913043478
"MayberrySE_CattailA_D2","Mayberry","Cattail","5-15","SF_Oligohaline","SF","Mayberry",3257,6.1648637194506,"MayberrySE_CattailA_D2",1.958439419,NA,NA,16.11249201,NA,1609.794453,NA,NA,NA,NA,NA,23752.2799,138.55,NA,NA,7.44,NA,359.11,NA,NA,NA,NA,NA,0.964,NA,NA,NA,17.59,NA,331733.17,732.95,73850.47,259.67,51682.37,5.94,51682.37,7.44,21.09,NA,22.8,758.63,45.1,14.78,0.964,16.3071783092331,NA,NA,0.613228949930977,27920,571,40,53,NA,NA,NA,NA,NA,NA,NA,"Oligohaline","Field","Obs","SF","Obs_SF_Oligohaline","SF","SF_Oligohaline",0.0235955056179775
"MayberrySE_CattailB_D1","Mayberry","Cattail","0-5","SF_Oligohaline","SF","Mayberry",3497,6.4016406716516,"MayberrySE_CattailB_D1",1.519552185,NA,NA,599.8095971,NA,6194.815731,NA,NA,NA,NA,NA,39433.12655,106.7045,NA,NA,6.52,NA,387.74,NA,NA,NA,NA,NA,1.282,NA,NA,NA,43.49,NA,558319.95,2159.6,107328.02,426.6,78058.07,8.56,78058.07,6.52,29.42,0.29,9,847.6095,487.8,17.78,1.282,13.9541470760487,NA,NA,0.494577371496056,NA,NA,NA,NA,NA,NA,NA,NA,NA,NA,NA,"Oligohaline","Field","Obs","SF","Obs_SF_Oligohaline","SF","SF_Oligohaline",0.0880952380952381
"MayberrySE_CattailB_D2","Mayberry","Cattail","5-15","SF_Oligohaline","SF","Mayberry",3318,5.99203760191937,"MayberrySE_CattailB_D2",1.519552185,NA,NA,599.8095971,NA,6194.815731,NA,NA,NA,NA,NA,39433.12655,106.7045,NA,NA,6.99,NA,387.74,NA,NA,NA,NA,NA,0.969,NA,NA,NA,43.49,NA,558319.95,2159.6,107328.02,426.6,78058.07,8.56,78058.07,6.99,21.05,0.17,22.1,656.534,55.8,14.27,0.969,16.9330925495798,NA,NA,0.634374775790665,27840,426,45,59,NA,NA,NA,NA,NA,NA,NA,"Oligohaline","Field","Obs","SF","Obs_SF_Oligohaline","SF","SF_Oligohaline",0.0288713910761155
"MayberrySE_CattailC_D1","Mayberry","Cattail","0-5","SF_Oligohaline","SF","Mayberry",5015,7.02302268259964,"MayberrySE_CattailC_D1",1.500152135,NA,NA,8.938580171,NA,1422.356628,NA,NA,NA,NA,NA,27370.1651,166.938,NA,NA,6.9,NA,184.94,NA,NA,NA,NA,NA,1.25,NA,NA,NA,30.81,NA,376886.33,5562.82,93819.99,124.81,66109.26,6.79,66109.26,6.9,18.52,0.17,6.4,1682.457,406.7,17.45,1.25,14.1807609691116,NA,NA,0.47348661289121,NA,NA,NA,NA,NA,NA,NA,NA,NA,NA,NA,"Oligohaline","Field","Obs","SF","Obs_SF_Oligohaline","SF","SF_Oligohaline",0.198237885462555
"MayberrySE_CattailC_D2","Mayberry","Cattail","5-15","SF_Oligohaline","SF","Mayberry",3351,6.12031514354314,"MayberrySE_CattailC_D2",1.500152135,NA,NA,8.938580171,NA,1422.356628,NA,NA,NA,NA,NA,27370.1651,166.938,NA,NA,7.49,NA,184.94,NA,NA,NA,NA,NA,0.919,NA,NA,NA,30.81,NA,376886.33,5562.82,93819.99,124.81,66109.26,6.79,66109.26,7.49,20.04,0.29,14.4,1315.5495,50.5,13.89,0.919,16.0905060821559,NA,NA,0.660421587331376,27800,450,45,58,NA,NA,NA,NA,NA,NA,NA,"Oligohaline","Field","Obs","SF","Obs_SF_Oligohaline","SF","SF_Oligohaline",0.0397877984084881
"MayberrySE_TuleA_D1","Mayberry","Tule","0-5","SF_Oligohaline","SF","Mayberry",4299,6.71835903128103,"MayberrySE_TuleA_D1",1.415937623,NA,NA,1271.185986,NA,11979.62133,NA,NA,NA,NA,NA,41928.7002,36.954,NA,NA,7.23,NA,192.86,NA,NA,NA,NA,NA,0.983,NA,NA,NA,49.05,NA,567078.07,NA,163942.64,815.47,106259.77,14.38,106259.77,7.23,10.82,NA,5.8,1535.694,223.3,14.74,0.983,15.0547679547394,NA,NA,0.530628067666567,NA,NA,NA,NA,NA,NA,NA,NA,NA,NA,NA,"Oligohaline","Field","Obs","SF","Obs_SF_Oligohaline","SF","SF_Oligohaline",0.0727874276261373
"MayberrySE_TuleA_D2","Mayberry","Tule","5-15","SF_Oligohaline","SF","Mayberry",3699,6.55500276905744,"MayberrySE_TuleA_D2",1.415937623,NA,NA,1271.185986,NA,11979.62133,NA,NA,NA,NA,NA,41928.7002,36.954,NA,NA,7.37,NA,192.86,NA,NA,NA,NA,NA,0.902,NA,NA,NA,49.05,NA,567078.07,NA,163942.64,815.47,106259.77,14.38,106259.77,7.37,41.69,0.47,14.5,1533.2125,53.3,13.36,0.902,16.1739737465343,NA,NA,0.606951282878881,30230,395,48,65,NA,NA,NA,NA,NA,NA,NA,"Oligohaline","Field","Obs","SF","Obs_SF_Oligohaline","SF","SF_Oligohaline",0.0815956482320943
"MayberrySE_TuleB_D1","Mayberry","Tule","0-5","SF_Oligohaline","SF","Mayberry",3410,6.25058977816377,"MayberrySE_TuleB_D1",2.578450297,NA,NA,216.8001784,NA,5380.324547,NA,NA,NA,NA,NA,32493.6827,20.146,NA,NA,7.25,NA,168.38,NA,NA,NA,NA,NA,0.969,NA,NA,NA,39.31,NA,426299.48,4972.93,98718.77,420.38,74038.52,6.2,74038.52,7.25,21.69,0.26,10,2251.784,233.5,15,0.969,13.9484394207271,NA,NA,0.695939966705072,NA,NA,NA,NA,NA,NA,NA,NA,NA,NA,NA,"Oligohaline","Field","Obs","SF","Obs_SF_Oligohaline","SF","SF_Oligohaline",0.104972375690608
"MayberrySE_TuleB_D2","Mayberry","Tule","5-15","SF_Oligohaline","SF","Mayberry",3128,6.16852900507212,"MayberrySE_TuleB_D2",2.578450297,NA,NA,216.8001784,NA,5380.324547,NA,NA,NA,NA,NA,32493.6827,20.146,NA,NA,7.61,NA,168.38,NA,NA,NA,NA,NA,0.826,NA,NA,NA,39.31,NA,426299.48,4972.93,98718.77,420.38,74038.52,6.2,74038.52,7.61,27.2,0.3,22,1616.52,49.3,12.47,0.826,16.7162022383437,NA,NA,0.7624061433005,28780,490,54,61,NA,NA,NA,NA,NA,NA,NA,"Oligohaline","Field","Obs","SF","Obs_SF_Oligohaline","SF","SF_Oligohaline",0.00937207122774133
"MayberrySE_TuleC_D1","Mayberry","Tule","0-5","SF_Oligohaline","SF","Mayberry",3578,6.37712673418251,"MayberrySE_TuleC_D1",2.473956295,NA,NA,141.648857,NA,5751.284558,NA,NA,NA,NA,NA,26782.8295,0.531,NA,NA,7,NA,502.3,NA,NA,NA,NA,NA,1.084,NA,NA,NA,70.43,NA,372911.34,3158.56,110095.06,575.75,63993.07,5.55,63993.07,7,21.75,0.29,7.2,2642.443,443.9,15.28,1.084,14.1254211622126,NA,NA,0.501625980115952,NA,NA,NA,NA,NA,NA,NA,NA,NA,NA,NA,"Oligohaline","Field","Obs","SF","Obs_SF_Oligohaline","SF","SF_Oligohaline",0.0804020100502512
"MayberrySE_TuleC_D2","Mayberry","Tule","5-15","SF_Oligohaline","SF","Mayberry",2729,6.14489090501142,"MayberrySE_TuleC_D2",2.473956295,NA,NA,141.648857,NA,5751.284558,NA,NA,NA,NA,NA,26782.8295,0.531,NA,NA,7.35,NA,502.3,NA,NA,NA,NA,NA,0.863,NA,NA,NA,70.43,NA,372911.34,3158.56,110095.06,575.75,63993.07,5.55,63993.07,7.35,24.96,0.29,22.1,1667.568,85.5,12.93,0.863,16.5670672875858,NA,NA,0.651996297340406,29780,471,45,62,NA,NA,NA,NA,NA,NA,NA,"Oligohaline","Field","Obs","SF","Obs_SF_Oligohaline","SF","SF_Oligohaline",0.0223684210526316
"Sandmound_CattailA_D1","Sandmound","Cattail","0-5","SF_Freshwater","SF","Sandmound",6288,7.43279514049866,"Sandmound_CattailA_D1",0.584762462,NA,NA,-0.254840416,NA,2710.899281,NA,NA,NA,NA,NA,7250.925275,0.7205,NA,NA,6.24,NA,424.33,NA,NA,NA,NA,NA,1.155,NA,NA,NA,16.21,NA,105517.92,2592.95,47456.79,577.28,27486.62,1.74,27486.62,6.24,44.82,0.67,11.3,444.543,108.5,16.76,1.155,16.3770180364968,NA,NA,0.214762293887465,NA,NA,NA,NA,NA,NA,NA,NA,NA,NA,NA,"Freshwater","Field","Obs","SF","Obs_SF_Freshwater","SF","SF_Freshwater",0.0516556291390728
"Sandmound_CattailA_D2","Sandmound","Cattail","5-15","SF_Freshwater","SF","Sandmound",5060,7.10573179221335,"Sandmound_CattailA_D2",0.584762462,NA,NA,-0.254840416,NA,2710.899281,NA,NA,NA,NA,NA,7250.925275,0.7205,NA,NA,5.64,NA,424.33,NA,NA,NA,NA,NA,1.19,NA,NA,NA,16.21,NA,105517.92,2592.95,47456.79,577.28,27486.62,1.74,27486.62,5.64,33.55,0.22,9.7,406.257,50.3,20.65,1.19,21.72624603917,NA,NA,0.216964984081182,21840,367,78,87,NA,NA,NA,NA,NA,NA,NA,"Freshwater","Field","Obs","SF","Obs_SF_Freshwater","SF","SF_Freshwater",0.032156368221942
"Sandmound_ThreeSqA_D1","Sandmound","Three-square","0-5","SF_Freshwater","SF","Sandmound",5694,7.37477509171541,"Sandmound_ThreeSqA_D1",0.661564933,NA,NA,0.712509492,NA,3953.506323,NA,NA,NA,NA,NA,11226.8023,10.555,NA,NA,6.35,NA,320.11,NA,NA,NA,NA,NA,1.099,NA,NA,NA,10.19,NA,144427.16,NA,49568.66,124.17,25688.29,3.16,25688.29,6.35,73.76,0.6,17.2,482.829,75.7,17.01,1.099,17.0417350973921,NA,NA,0.224949736033409,NA,NA,NA,NA,NA,NA,NA,NA,NA,NA,NA,"Freshwater","Field","Obs","SF","Obs_SF_Freshwater","SF","SF_Freshwater",0.0306122448979592
"Sandmound_ThreeSqA_D2","Sandmound","Three-square","5-15","SF_Freshwater","SF","Sandmound",4731,7.10253157589206,"Sandmound_ThreeSqA_D2",0.661564933,NA,NA,0.712509492,NA,3953.506323,NA,NA,NA,NA,NA,11226.8023,10.555,NA,NA,6.15,NA,320.11,NA,NA,NA,NA,NA,1.016,NA,NA,NA,10.19,NA,144427.16,NA,49568.66,124.17,25688.29,3.16,25688.29,6.15,85.49,0.52,7.2,543.094,68.9,17.79,1.016,19.3521768431431,NA,NA,0.251106682083805,26270,630,75,97,NA,NA,NA,NA,NA,NA,NA,"Freshwater","Field","Obs","SF","Obs_SF_Freshwater","SF","SF_Freshwater",0.0879518072289157
"Sandmound_ThreeSqB_D1","Sandmound","Three-square","0-5","SF_Freshwater","SF","Sandmound",5475,7.26107394278654,"Sandmound_ThreeSqB_D1",0.584762462,NA,NA,0.661727234,NA,2644.391613,NA,NA,NA,NA,NA,7751.479275,2.356,NA,NA,6.25,NA,2565.08,NA,NA,NA,NA,NA,1.069,NA,NA,NA,11.7,NA,103955.03,NA,48449.61,576.19,21267.82,1.42,21267.82,6.25,42.9,0.36,12.7,574.29,82.1,15.41,1.069,16.8763518069148,NA,NA,0.240423634644275,NA,NA,NA,NA,NA,NA,NA,NA,NA,NA,NA,"Freshwater","Field","Obs","SF","Obs_SF_Freshwater","SF","SF_Freshwater",0.024390243902439
"Sandmound_ThreeSqB_D2","Sandmound","Three-square","5-15","SF_Freshwater","SF","Sandmound",5370,7.27663733300149,"Sandmound_ThreeSqB_D2",0.584762462,NA,NA,0.661727234,NA,2644.391613,NA,NA,NA,NA,NA,7751.479275,2.356,NA,NA,5.94,NA,2565.08,NA,NA,NA,NA,NA,1.021,NA,NA,NA,11.7,NA,103955.03,NA,48449.61,576.19,21267.82,1.42,21267.82,5.94,29.48,0.68,8.6,656.534,58.8,16.23,1.021,18.6748867406966,NA,NA,0.249087549406231,25290,581,68,88,NA,NA,NA,NA,NA,NA,NA,"Freshwater","Field","Obs","SF","Obs_SF_Freshwater","SF","SF_Freshwater",0.0307955517536356
"Sandmound_ThreeSqC_D1","Sandmound","Three-square","0-5","SF_Freshwater","SF","Sandmound",5214,7.29670542517148,"Sandmound_ThreeSqC_D1",0.631436206,NA,NA,-0.341332784,NA,5028.706753,NA,NA,NA,NA,NA,14839.139575,15.828,NA,NA,6.44,NA,271.27,NA,NA,NA,NA,NA,1.079,NA,NA,NA,11.45,NA,181577.27,NA,56285.76,385.36,33854.91,3.45,33854.91,6.44,49.32,0.33,16.3,487.792,56.3,16.62,1.079,17.8223583895794,NA,NA,0.221003249436331,NA,NA,NA,NA,NA,NA,NA,NA,NA,NA,NA,"Freshwater","Field","Obs","SF","Obs_SF_Freshwater","SF","SF_Freshwater",0.0448179271708683
"Sandmound_ThreeSqC_D2","Sandmound","Three-square","5-15","SF_Freshwater","SF","Sandmound",5483,7.27617760729105,"Sandmound_ThreeSqC_D2",0.631436206,NA,NA,-0.341332784,NA,5028.706753,NA,NA,NA,NA,NA,14839.139575,15.828,NA,NA,6.11,NA,271.27,NA,NA,NA,NA,NA,1.02,NA,NA,NA,11.45,NA,181577.27,NA,56285.76,385.36,33854.91,3.45,33854.91,6.11,47.43,0.68,12.4,465.104,54.8,15.95,1.02,19.3906174242239,NA,NA,0.252868834238779,25180,1164,64,86,NA,NA,NA,NA,NA,NA,NA,"Freshwater","Field","Obs","SF","Obs_SF_Freshwater","SF","SF_Freshwater",0.0266535044422507
"Sandmound_TuleA_D1","Sandmound","Tule","0-5","SF_Freshwater","SF","Sandmound",5916,7.45004603411472,"Sandmound_TuleA_D1",0.593425419,NA,NA,4.473064042,NA,1481.019832,NA,NA,NA,NA,NA,NA,NA,NA,NA,6.16,NA,NA,NA,NA,NA,NA,NA,1.068,NA,NA,NA,NA,NA,NA,NA,NA,NA,NA,NA,NA,6.16,33.42,0.12,15.4,492.4005,51.7,14.9,1.068,15.9312554315847,NA,NA,0.265369101088126,NA,NA,NA,NA,NA,NA,NA,NA,NA,NA,NA,"Freshwater","Field","Obs","SF","Obs_SF_Freshwater","SF","SF_Freshwater",0.0269360269360269
"Sandmound_TuleA_D2","Sandmound","Tule","5-15","SF_Freshwater","SF","Sandmound",5229,7.17694274597097,"Sandmound_TuleA_D2",0.593425419,NA,NA,4.473064042,NA,1481.019832,NA,NA,NA,NA,NA,9434.76935,3.436,NA,NA,5.91,NA,615.38,NA,NA,NA,NA,NA,0.965,NA,NA,NA,9.863,NA,114758.69,NA,51564.87,272.04,25081.42,3.21,25081.42,5.91,48.13,0.63,14.2,380.024,84.6,14.98,0.965,19.2027109864317,NA,NA,0.274326707875911,26590,783,65,90,NA,NA,NA,NA,NA,NA,NA,"Freshwater","Field","Obs","SF","Obs_SF_Freshwater","SF","SF_Freshwater",0.0743119266055046
"Sandmound_TuleB_D2","Sandmound","Tule","5-15","SF_Freshwater","SF","Sandmound",5319,7.13291044052052,"Sandmound_TuleB_D2",0.602620915,NA,NA,-0.282940133,NA,4173.351163,NA,NA,NA,NA,NA,7713.760475,0.8755,NA,NA,5.85,NA,624.42,NA,NA,NA,NA,NA,0.923,NA,NA,NA,11.77,NA,96669.1,NA,59069.71,1175.01,26016.8,1.35,26016.8,5.85,35.32,0.8,13.9,471.485,40.7,13.59,0.923,18.8004044324483,NA,NA,0.258430626977916,28700,587,65,94,NA,NA,NA,NA,NA,NA,NA,"Freshwater","Field","Obs","SF","Obs_SF_Freshwater","SF","SF_Freshwater",0.0526666666666667
"Sandmound_TuleC_D1","Sandmound","Tule","0-5","SF_Freshwater","SF","Sandmound",5835,7.4069360397229,"Sandmound_TuleC_D1",0.566468299,NA,NA,0.925883825,NA,1764.463823,NA,NA,NA,NA,NA,19625.1909,17.314,NA,NA,6.26,NA,3796.41,NA,NA,NA,NA,NA,1.103,NA,NA,NA,17.8,NA,238099.57,371.64,77352.15,3033.7,51492.04,4.77,51492.04,6.26,30,0.42,14.1,463.686,39.7,16.45,1.103,16.8107687324697,NA,NA,0.240423634644275,NA,NA,NA,NA,NA,NA,NA,NA,NA,NA,NA,"Freshwater","Field","Obs","SF","Obs_SF_Freshwater","SF","SF_Freshwater",0.0241850683491062
"Sandmound_TuleC_D2","Sandmound","Tule","5-15","SF_Freshwater","SF","Sandmound",5169,7.12803318824229,"Sandmound_TuleC_D2",0.566468299,NA,NA,0.925883825,NA,1764.463823,NA,NA,NA,NA,NA,19625.1909,17.314,NA,NA,5.69,NA,3796.41,NA,NA,NA,NA,NA,0.941,NA,NA,NA,17.8,NA,238099.57,371.64,77352.15,3033.7,51492.04,4.77,51492.04,5.69,21.19,NA,10.9,486.0195,65.1,13.27,0.941,17.4989115096496,NA,NA,0.269664346965876,29390,639,67,95,NA,NA,NA,NA,NA,NA,NA,"Freshwater","Field","Obs","SF","Obs_SF_Freshwater","SF","SF_Freshwater",0.0343007915567282
"WestPond_CattailA_D1","West Pond","Cattail","0-5","SF_Freshwater","SF","West Pond",3909,6.65507523294286,"WestPond_CattailA_D1",0.417574716,NA,NA,135.0238335,NA,14808.68675,NA,NA,NA,NA,NA,122244.7874,346.17,NA,NA,6.39,NA,70.28,NA,NA,NA,NA,NA,2.048,NA,NA,NA,32.15,NA,1855692.54,49657.4,85518.77,104.2,225966.52,32.81,225966.52,6.39,126.86,1.97,18.2,242.8325,55.3,37.63,2.048,23.6254149028755,NA,NA,0.0702107499247481,NA,NA,NA,NA,NA,NA,NA,NA,NA,NA,NA,"Freshwater","Field","Obs","SF","Obs_SF_Freshwater","SF","SF_Freshwater",0.166285714285714
"WestPond_CattailA_D2","West Pond","Cattail","5-15","SF_Freshwater","SF","West Pond",4235,6.58956461821866,"WestPond_CattailA_D2",0.417574716,NA,NA,135.0238335,NA,14808.68675,NA,NA,NA,NA,NA,122244.7874,346.17,NA,NA,5.78,NA,70.28,NA,NA,NA,NA,NA,1.58,NA,NA,NA,32.15,NA,1855692.54,49657.4,85518.77,104.2,225966.52,32.81,225966.52,5.78,158.34,2.07,6.8,357.6905,57.9,33.22,1.58,25.7445527254026,NA,NA,0.0883829440229183,17180,139,47,67,NA,NA,NA,NA,NA,NA,NA,"Freshwater","Field","Obs","SF","Obs_SF_Freshwater","SF","SF_Freshwater",0.814883148831488
"WestPond_CattailB_D1","West Pond","Cattail","0-5","SF_Freshwater","SF","West Pond",4179,6.88319213197347,"WestPond_CattailB_D1",0.423137002,NA,NA,26.73814724,NA,18064.2218,NA,NA,NA,NA,NA,8584.554275,24.5155,NA,NA,6.33,NA,51.92,NA,NA,NA,NA,NA,2.002,NA,NA,NA,9.884,NA,106264.99,1909.2,51091.96,27.53,26250.82,2.69,26250.82,6.33,235.67,2.71,10.1,244.605,57.6,40.89,2.002,25.5255002261913,NA,NA,0.0615651909144065,NA,NA,NA,NA,NA,NA,NA,NA,NA,NA,NA,"Freshwater","Field","Obs","SF","Obs_SF_Freshwater","SF","SF_Freshwater",0.089000456412597
"WestPond_CattailB_D2","West Pond","Cattail","5-15","SF_Freshwater","SF","West Pond",4486,6.69183066363759,"WestPond_CattailB_D2",0.423137002,NA,NA,26.73814724,NA,18064.2218,NA,NA,NA,NA,NA,8584.554275,24.5155,NA,NA,5.93,NA,51.92,NA,NA,NA,NA,NA,1.731,NA,NA,NA,9.884,NA,106264.99,1909.2,51091.96,27.53,26250.82,2.69,26250.82,5.93,79.34,NA,4.4,362.6535,59.3,39.36,1.731,29.461060174909,NA,NA,0.0560401096784982,13270,99,54,42,NA,NA,NA,NA,NA,NA,NA,"Freshwater","Field","Obs","SF","Obs_SF_Freshwater","SF","SF_Freshwater",0.438275636838667
"WestPond_CattailC_D1","West Pond","Cattail","0-5","SF_Freshwater","SF","West Pond",4687,6.97724992757709,"WestPond_CattailC_D1",0.36659283,NA,NA,102.6551443,NA,17811.02623,NA,NA,NA,NA,NA,7085.35605,10.39,NA,NA,6.34,NA,53.7,NA,NA,NA,NA,NA,2.044,NA,NA,NA,10.44,NA,85814.93,17074.79,56222.15,0.74,25103.66,2.16,25103.66,6.34,163.21,2.86,14.2,242.8325,58.1,40.25,2.044,24.2878303336097,NA,NA,0.0692562508408038,NA,NA,NA,NA,NA,NA,NA,NA,NA,NA,NA,"Freshwater","Field","Obs","SF","Obs_SF_Freshwater","SF","SF_Freshwater",0.132352941176471
"WestPond_CattailC_D2","West Pond","Cattail","5-15","SF_Freshwater","SF","West Pond",4650,6.91169069661397,"WestPond_CattailC_D2",0.36659283,NA,NA,102.6551443,NA,17811.02623,NA,NA,NA,NA,NA,7085.35605,10.39,NA,NA,5.62,NA,53.7,NA,NA,NA,NA,NA,1.421,NA,NA,NA,10.44,NA,85814.93,17074.79,56222.15,0.74,25103.66,2.16,25103.66,5.62,98.05,0.73,11.6,460.141,62.8,28.94,1.421,24.0294016199436,NA,NA,0.118725001441378,17860,158,50,60,NA,NA,NA,NA,NA,NA,NA,"Freshwater","Field","Obs","SF","Obs_SF_Freshwater","SF","SF_Freshwater",0.639083386378103
"WestPond_TuleA_D1","West Pond","Tule","0-5","SF_Freshwater","SF","West Pond",4505,7.02644652755465,"WestPond_TuleA_D1",0.358055401,NA,NA,282.2282567,NA,24355.67428,NA,NA,NA,NA,NA,5691.17845,7.9715,NA,NA,6.3,NA,80.48,NA,NA,NA,NA,NA,1.693,NA,NA,NA,10.65,NA,67222.29,1141.02,45960.11,0.9,20835.52,0.89,20835.52,6.3,225.21,2.72,14.5,115.2125,32.2,43.4,1.693,34.1175103172555,NA,NA,0.0564439362140132,NA,NA,NA,NA,NA,NA,NA,NA,NA,NA,NA,"Freshwater","Field","Obs","SF","Obs_SF_Freshwater","SF","SF_Freshwater",0.27109335996006
"WestPond_TuleA_D2","West Pond","Tule","5-15","SF_Freshwater","SF","West Pond",4449,6.89458813222886,"WestPond_TuleA_D2",0.358055401,NA,NA,282.2282567,NA,24355.67428,NA,NA,NA,NA,NA,5691.17845,7.9715,NA,NA,5.78,NA,80.48,NA,NA,NA,NA,NA,1.533,NA,NA,NA,10.65,NA,67222.29,1141.02,45960.11,0.9,20835.52,0.89,20835.52,5.78,67.11,2.14,8.5,333.5845,42.6,34.88,1.533,28.9985777877129,NA,NA,0.0737534099863105,13180,136,40,48,NA,NA,NA,NA,NA,NA,NA,"Freshwater","Field","Obs","SF","Obs_SF_Freshwater","SF","SF_Freshwater",0.447698744769875
"WestPond_TuleB_D1","West Pond","Tule","0-5","SF_Freshwater","SF","West Pond",4932,7.05843990652264,"WestPond_TuleB_D1",0.380244176,NA,NA,31.71546917,NA,9777.80885,NA,NA,NA,NA,NA,4094.740875,12.154,NA,NA,6.3,NA,49.43,NA,NA,NA,NA,NA,2.059,NA,NA,NA,10.24,NA,57146,5081.79,37792.07,50.3,15183.38,0.5,15183.38,6.3,115.64,4.97,6.9,190.012,46.6,38.44,2.059,24.1901848188456,NA,NA,0.0629969395403229,NA,NA,NA,NA,NA,NA,NA,NA,NA,NA,NA,"Freshwater","Field","Obs","SF","Obs_SF_Freshwater","SF","SF_Freshwater",0.260267857142857
"WestPond_TuleB_D2","West Pond","Tule","5-15","SF_Freshwater","SF","West Pond",4999,6.98475740073742,"WestPond_TuleB_D2",0.380244176,NA,NA,31.71546917,NA,9777.80885,NA,NA,NA,NA,NA,4094.740875,12.154,NA,NA,5.8,NA,49.43,NA,NA,NA,NA,NA,1.592,NA,NA,NA,10.24,NA,57146,5081.79,37792.07,50.3,15183.38,0.5,15183.38,5.8,75.99,2.9,5.7,268.002,63.3,32.85,1.592,25.5211972777048,NA,NA,0.0823255459901948,15880,139,38,46,NA,NA,NA,NA,NA,NA,NA,"Freshwater","Field","Obs","SF","Obs_SF_Freshwater","SF","SF_Freshwater",1.22388059701493
"WestPond_TuleC_D1","West Pond","Tule","0-5","SF_Freshwater","SF","West Pond",5122,7.18551792167582,"WestPond_TuleC_D1",0.374460255,NA,NA,1.026137308,NA,4630.644423,NA,NA,NA,NA,NA,6658.343075,28.0435,NA,NA,6.34,NA,47.02,NA,NA,NA,NA,NA,2.159,NA,NA,NA,15.72,NA,87546.9,4173.92,40939.41,0.66,20383.92,20.36,20383.92,6.34,130.39,1.94,9.8,196.7475,42.9,40.59,2.159,24.484939677613,NA,NA,0.074193948025054,NA,NA,NA,NA,NA,NA,NA,NA,NA,NA,NA,"Freshwater","Field","Obs","SF","Obs_SF_Freshwater","SF","SF_Freshwater",0.197247706422018
"WestPond_TuleC_D2","West Pond","Tule","5-15","SF_Freshwater","SF","West Pond",5040,6.98777552020942,"WestPond_TuleC_D2",0.374460255,NA,NA,1.026137308,NA,4630.644423,NA,NA,NA,NA,NA,6658.343075,28.0435,NA,NA,5.97,NA,47.02,NA,NA,NA,NA,NA,1.719,NA,NA,NA,15.72,NA,87546.9,4173.92,40939.41,0.66,20383.92,20.36,20383.92,5.97,101.27,2.88,9.4,332.1665,59.3,40.03,1.719,30.4401055867491,NA,NA,0.0647040244404541,9930,85,33,38,NA,NA,NA,NA,NA,NA,NA,"Freshwater","Field","Obs","SF","Obs_SF_Freshwater","SF","SF_Freshwater",0.219451371571072
